EMPLOYEE_ID,FIRST_NAME,LAST_NAME,GENDER,JOB_TITLE,DEPARTMENT,SALARY,EMAIL
1,Kevina,Bugbee,Female,VP Quality Control,Research and Development,109358,kbugbee0@businesswire.com
2,Gusty,Stannering,Polygender,Accountant II,Product Management,23486,gstannering1@mediafire.com
3,Asa,Shearmer,Male,VP Sales,Product Management,47553,ashearmer2@google.cn
4,Elvina,Brownlee,Female,Civil Engineer,Engineering,107863,ebrownlee3@seesaa.net
5,Linet,Douse,Female,Help Desk Technician,Services,24129,ldouse4@jimdo.com
6,Augustina,Grummitt,Female,Nurse Practicioner,Engineering,61215,agrummitt5@constantcontact.com
7,Maryjo,Rosita,Female,Sales Representative,Research and Development,90855,mrosita6@archive.org
8,Chucho,Barens,Male,Staff Accountant III,Research and Development,30302,cbarens7@blogspot.com
9,Shaylyn,Erlam,Female,Administrative Assistant IV,Sales,108950,serlam8@networksolutions.com
10,Desmund,Marlowe,Male,Tax Accountant,Services,28397,dmarlowe9@admin.ch
11,Adriena,McClaughlin,Female,Staff Accountant IV,Engineering,47413,amcclaughlina@google.it
12,Bondon,Chittock,Male,Research Associate,Legal,99013,bchittockb@independent.co.uk
13,Ailey,Cothey,Female,Geological Engineer,Marketing,71228,acotheyc@lulu.com
14,Ellswerth,Bourbon,Male,Compensation Analyst,Business Development,31934,ebourbond@wikipedia.org
15,Michal,Stud,Female,GIS Technical Architect,Services,135742,mstude@spotify.com
16,Tyne,Fenck,Female,VP Quality Control,Marketing,121874,tfenckf@vkontakte.ru
17,Jazmin,Mallinder,Female,Engineer IV,Services,135006,jmallinderg@sciencedirect.com
18,Amerigo,Rohan,Male,Environmental Tech,Human Resources,79665,arohanh@cafepress.com
19,Wernher,Free,Male,Help Desk Technician,Legal,62020,wfreei@com.com
20,Wallis,Clare,Female,Accounting Assistant III,Accounting,139531,wclarej@feedburner.com
21,Andy,Cuffley,Male,Health Coach III,Product Management,76369,acuffleyk@cyberchimps.com
22,Homer,Hamstead,Male,Social Worker,Services,123911,hhamsteadl@icq.com
23,Marissa,Goldup,Female,Information Systems Manager,Sales,132129,mgoldupm@geocities.com
24,Lorrie,Habbes,Male,Nurse Practicioner,Legal,65481,lhabbesn@unesco.org
25,Dewey,Tunkin,Male,Junior Executive,Legal,138662,dtunkino@nps.gov
26,Sullivan,Sherman,Male,Cost Accountant,Human Resources,80554,sshermanp@histats.com
27,Zachariah,Connick,Male,Junior Executive,Product Management,92044,zconnickq@newsvine.com
28,Anitra,Peake,Female,Web Designer IV,Sales,83340,apeaker@yelp.com
29,Caryn,Tale,Female,Product Engineer,Engineering,23050,ctales@tripadvisor.com
30,Mason,Bremner,Male,Biostatistician IV,Legal,51193,mbremnert@archive.org
31,Nilson,Stonuary,Male,Analog Circuit Design manager,Marketing,56993,nstonuaryu@wiley.com
32,Waylan,Yuryichev,Male,VP Product Management,Training,61376,wyuryichevv@ebay.co.uk
33,Clem,Attwell,Female,Environmental Tech,Legal,135090,cattwellw@dailymail.co.uk
34,Laraine,Aldhouse,Bigender,Geologist I,Legal,125249,laldhousex@freewebs.com
35,Merilee,Salway,Female,Graphic Designer,Accounting,119369,msalwayy@bloglines.com
36,Martha,Dranfield,Female,Human Resources Manager,Business Development,48505,mdranfieldz@google.com.br
37,Jarret,Ivie,Male,Actuary,Accounting,143527,jivie10@bloomberg.com
38,Durant,Sattin,Male,Help Desk Technician,Legal,133081,dsattin11@parallels.com
39,Misty,Scholtz,Female,Librarian,Sales,64012,mscholtz12@merriam-webster.com
40,Flori,Lago,Female,Automation Specialist III,Sales,83308,flago13@china.com.cn
41,Goddart,Shenton,Bigender,Account Representative IV,Human Resources,98180,gshenton14@g.co
42,Ashlan,Entissle,Female,Account Coordinator,Sales,77308,aentissle15@networksolutions.com
43,Slade,Marieton,Male,Desktop Support Technician,Accounting,93601,smarieton16@infoseek.co.jp
44,Stafani,MacCollom,Female,Marketing Assistant,Accounting,105616,smaccollom17@e-recht24.de
45,Lavena,MacDermand,Female,Help Desk Operator,Sales,61078,lmacdermand18@feedburner.com
46,Rik,Hirjak,Male,Research Associate,Marketing,82289,rhirjak19@fda.gov
47,Kennith,Poland,Male,Account Executive,Legal,127792,kpoland1a@4shared.com
48,Concordia,Granleese,Female,Social Worker,Product Management,78466,cgranleese1b@nbcnews.com
49,Doyle,Metham,Male,Accountant II,Business Development,26133,dmetham1c@tripadvisor.com
50,Aryn,Warlow,Female,Human Resources Assistant I,Human Resources,121619,awarlow1d@yale.edu
51,Walden,Bingall,Male,Chemical Engineer,Marketing,108321,wbingall1e@pagesperso-orange.fr
52,Shirl,Plaid,Female,Statistician I,Training,85796,splaid1f@themeforest.net
53,Dorothea,Andrys,Female,Internal Auditor,Accounting,118179,dandrys1g@goo.gl
54,Fayette,Pauleit,Non-binary,VP Sales,Training,31231,fpauleit1h@sina.com.cn
55,Jolynn,Camplen,Female,Associate Professor,Services,123521,jcamplen1i@webeden.co.uk
56,Lisa,Fist,Female,Computer Systems Analyst III,Research and Development,40264,lfist1j@bluehost.com
57,Mallorie,Caillou,Genderfluid,Marketing Assistant,Research and Development,72493,mcaillou1k@baidu.com
58,Emelita,Plastow,Female,Statistician I,Business Development,129188,eplastow1l@theglobeandmail.com
59,Adelle,Franklyn,Female,VP Marketing,Services,90305,afranklyn1m@ftc.gov
60,Jarib,Hitzke,Male,Clinical Specialist,Engineering,58310,jhitzke1n@digg.com
61,Jessie,Lubeck,Female,Data Coordinator,Product Management,43070,jlubeck1o@nih.gov
62,Callean,Houseman,Male,Software Test Engineer III,Product Management,99942,chouseman1p@unc.edu
63,Berkly,Forrest,Polygender,Administrative Officer,Marketing,85606,bforrest1q@google.es
64,Cirilo,Bengough,Male,Software Engineer I,Research and Development,48939,cbengough1r@sfgate.com
65,Ranique,Eastwood,Female,Recruiting Manager,Marketing,26635,reastwood1s@multiply.com
66,Cammy,Caughtry,Genderfluid,Associate Professor,Training,103253,ccaughtry1t@bandcamp.com
67,Temp,Claremont,Male,Software Engineer I,Business Development,47096,tclaremont1u@addtoany.com
68,Meade,Ferrandez,Male,Professor,Research and Development,129783,mferrandez1v@1und1.de
69,Gunner,Bomfield,Male,Recruiting Manager,Engineering,104012,gbomfield1w@scientificamerican.com
70,Dean,Bawcock,Male,Account Coordinator,Support,132485,dbawcock1x@reddit.com
71,Kayne,Finnimore,Male,Occupational Therapist,Marketing,43469,kfinnimore1y@epa.gov
72,Inge,Flowith,Female,Food Chemist,Legal,138217,iflowith1z@spotify.com
73,Ernaline,Muneely,Female,Senior Cost Accountant,Training,77697,emuneely20@ihg.com
74,Alexis,Bruhnicke,Genderqueer,VP Accounting,Business Development,26174,abruhnicke21@independent.co.uk
75,Xymenes,Storie,Male,Web Developer I,Marketing,137546,xstorie22@huffingtonpost.com
76,Mandel,Cleef,Male,Graphic Designer,Marketing,55045,mcleef23@taobao.com
77,Dickie,Pusill,Male,Nurse Practicioner,Accounting,21118,dpusill24@odnoklassniki.ru
78,Mal,Zanotti,Polygender,Food Chemist,Research and Development,77283,mzanotti25@spiegel.de
79,Roderich,Coakley,Male,Automation Specialist II,Business Development,115908,rcoakley26@tumblr.com
80,Ilsa,Nurden,Female,Media Manager III,Marketing,75434,inurden27@t-online.de
81,Shea,Kornas,Male,Account Representative III,Business Development,93613,skornas28@cam.ac.uk
82,Glenda,Loder,Female,Senior Sales Associate,Support,81417,gloder29@devhub.com
83,Stephenie,Urlich,Female,Media Manager II,Training,20972,surlich2a@furl.net
84,Darbee,Furby,Male,Media Manager II,Sales,114866,dfurby2b@parallels.com
85,Glynda,Assel,Female,VP Sales,Product Management,121348,gassel2c@paginegialle.it
86,Raff,Merck,Male,Project Manager,Legal,21059,rmerck2d@fc2.com
87,Ezra,Fleg,Male,VP Accounting,Human Resources,79512,efleg2e@google.pl
88,Cyndia,Skirven,Female,Nurse Practicioner,Product Management,130564,cskirven2f@theguardian.com
89,Reynolds,Swayton,Male,Marketing Assistant,Marketing,36645,rswayton2g@seattletimes.com
90,Charo,Curran,Female,Assistant Manager,Engineering,119732,ccurran2h@twitpic.com
91,Olly,Genner,Male,Mechanical Systems Engineer,Research and Development,59024,ogenner2i@reuters.com
92,Dirk,Medland,Male,Chief Design Engineer,Marketing,123694,dmedland2j@livejournal.com
93,Kristofer,Addis,Male,Staff Scientist,Research and Development,98554,kaddis2k@w3.org
94,Audrey,Fenge,Female,Food Chemist,Business Development,47238,afenge2l@wired.com
95,Joleen,Purcer,Female,Paralegal,Accounting,133663,jpurcer2m@google.co.jp
96,Cecily,Carswell,Female,Sales Representative,Human Resources,69725,ccarswell2n@histats.com
97,Ogden,Wellsman,Male,Quality Engineer,Human Resources,54309,owellsman2o@paginegialle.it
98,Sande,De Michetti,Female,Nurse Practicioner,Sales,146435,sdemichetti2p@upenn.edu
99,Care,Garey,Male,Payment Adjustment Coordinator,Accounting,51422,cgarey2q@mail.ru
100,Andrej,Grigorescu,Male,Computer Systems Analyst I,Services,146020,agrigorescu2r@icio.us
101,Willyt,Mor,Female,Environmental Tech,Services,107782,wmor2s@weibo.com
102,Andros,Bugden,Male,Software Engineer IV,Support,47631,abugden2t@pinterest.com
103,Michel,Crowson,Male,VP Quality Control,Services,135095,mcrowson2u@boston.com
104,Chrissy,Benthall,Female,Accounting Assistant I,Business Development,48878,cbenthall2v@gizmodo.com
105,Bartlett,Pantone,Male,Senior Quality Engineer,Research and Development,87088,bpantone2w@technorati.com
106,Gwen,Perryn,Female,Administrative Assistant II,Training,145534,gperryn2x@shutterfly.com
107,Waylin,Sam,Male,Web Designer II,Support,60746,wsam2y@salon.com
108,Becki,Lohering,Female,Desktop Support Technician,Support,122660,blohering2z@skyrock.com
109,Butch,Duck,Male,Design Engineer,Marketing,120486,bduck30@example.com
110,Farleigh,Gogerty,Male,Design Engineer,Support,84580,fgogerty31@admin.ch
111,Mitchael,Clopton,Male,Human Resources Assistant III,Human Resources,71160,mclopton32@spiegel.de
112,Newton,Ludlam,Male,Research Assistant I,Services,60184,nludlam33@xinhuanet.com
113,Bobbie,Sire,Male,Accountant II,Business Development,75437,bsire34@smh.com.au
114,Monro,Yewman,Male,Senior Developer,Sales,128856,myewman35@google.com.br
115,Chloette,Duesbury,Female,Assistant Manager,Marketing,117574,cduesbury36@sohu.com
116,Cordie,Chelam,Male,Office Assistant II,Support,113618,cchelam37@amazon.co.jp
117,Gibby,Leishman,Male,Account Representative IV,Support,97105,gleishman38@ameblo.jp
118,Elvina,Piercey,Female,VP Marketing,Sales,134924,epiercey39@telegraph.co.uk
119,Brady,Kleanthous,Genderfluid,Staff Scientist,Accounting,147963,bkleanthous3a@smugmug.com
120,Jessalyn,Dayer,Female,Budget/Accounting Analyst III,Human Resources,85273,jdayer3b@virginia.edu
121,Daisy,Harrad,Female,Computer Systems Analyst IV,Engineering,53351,dharrad3c@nasa.gov
122,Agna,Chitty,Female,Operator,Legal,139720,achitty3d@theguardian.com
123,Lucias,Cheeney,Male,Graphic Designer,Engineering,110889,lcheeney3e@mlb.com
124,Marlena,Ramage,Female,Occupational Therapist,Marketing,122495,mramage3f@newsvine.com
125,Lambert,Janak,Male,Accountant IV,Sales,149212,ljanak3g@myspace.com
126,Massimo,Pund,Male,Biostatistician IV,Human Resources,26857,mpund3h@unesco.org
127,Linnie,MacRonald,Female,Actuary,Marketing,139574,lmacronald3i@cam.ac.uk
128,Constance,Clemenson,Female,Assistant Media Planner,Legal,116181,cclemenson3j@dedecms.com
129,Melany,Getley,Female,Quality Control Specialist,Sales,148435,mgetley3k@vk.com
130,Johna,Shrimptone,Female,Assistant Professor,Training,122729,jshrimptone3l@nydailynews.com
131,Addie,Hurdwell,Female,Research Associate,Business Development,47543,ahurdwell3m@w3.org
132,Effie,Neeves,Female,Quality Engineer,Product Management,24293,eneeves3n@google.ru
133,Arabella,Trebble,Female,Operator,Research and Development,96573,atrebble3o@behance.net
134,Jarrad,Osbourne,Male,Research Nurse,Human Resources,128968,josbourne3p@zdnet.com
135,Edgardo,Leyson,Male,Programmer IV,Support,93457,eleyson3q@house.gov
136,Isabeau,Ferreira,Female,Civil Engineer,Research and Development,38432,iferreira3r@yale.edu
137,Letitia,Down,Female,Human Resources Manager,Sales,28185,ldown3s@chronoengine.com
138,Elnore,Beccero,Female,Marketing Assistant,Product Management,87580,ebeccero3t@alibaba.com
139,Pierrette,Physick,Female,Research Associate,Engineering,149057,pphysick3u@auda.org.au
140,Rudyard,Tupling,Male,Senior Developer,Accounting,85198,rtupling3v@upenn.edu
141,Lisha,Donnell,Female,VP Marketing,Business Development,66556,ldonnell3w@e-recht24.de
142,Zachery,Willowby,Male,Graphic Designer,Human Resources,130170,zwillowby3x@blogs.com
143,Carrissa,Probert,Female,Chief Design Engineer,Human Resources,117069,cprobert3y@cafepress.com
144,Austin,Allward,Male,Administrative Officer,Training,31392,aallward3z@istockphoto.com
145,Jim,Vost,Male,Paralegal,Human Resources,124887,jvost40@quantcast.com
146,Katrine,Sallis,Female,Tax Accountant,Services,102967,ksallis41@wordpress.org
147,Marin,D'eye,Genderqueer,Director of Sales,Marketing,21505,mdeye42@nasa.gov
148,Jereme,Stoacley,Male,Analyst Programmer,Product Management,57439,jstoacley43@tinypic.com
149,Zacherie,Sherebrook,Male,Media Manager IV,Business Development,45954,zsherebrook44@dot.gov
150,Renell,Athey,Female,Database Administrator III,Services,113127,rathey45@reuters.com
151,Cristiano,Tarzey,Male,Nurse,Services,20551,ctarzey46@mac.com
152,Camey,McErlaine,Male,Cost Accountant,Research and Development,130534,cmcerlaine47@businessweek.com
153,Vassily,Galbreth,Male,General Manager,Accounting,39872,vgalbreth48@bbb.org
154,Dur,Nortunen,Agender,Developer II,Human Resources,49435,dnortunen49@aboutads.info
155,Brett,Setford,Male,Paralegal,Product Management,138181,bsetford4a@t.co
156,Montague,Deveril,Male,Sales Associate,Business Development,123935,mdeveril4b@cyberchimps.com
157,Kaja,Djordjevic,Female,Geologist IV,Services,91700,kdjordjevic4c@cbc.ca
158,Rorke,Keaveny,Male,Actuary,Training,141094,rkeaveny4d@youku.com
159,Jeannine,Chritchlow,Female,Health Coach IV,Research and Development,63538,jchritchlow4e@usgs.gov
160,Kathie,Cockman,Female,Operator,Marketing,35620,kcockman4f@ucla.edu
161,Elisabetta,Devigne,Female,Graphic Designer,Legal,87415,edevigne4g@blinklist.com
162,Gus,Hebard,Male,Programmer Analyst II,Training,64751,ghebard4h@pcworld.com
163,Matty,Simonyi,Male,Financial Advisor,Engineering,30683,msimonyi4i@ftc.gov
164,Anson,Andrzejak,Male,Software Consultant,Training,84905,aandrzejak4j@uol.com.br
165,Brannon,Neasham,Male,Statistician I,Support,24443,bneasham4k@europa.eu
166,Ralf,Rosiello,Genderfluid,Recruiting Manager,Engineering,65875,rrosiello4l@amazon.co.jp
167,Jess,Pellant,Female,Biostatistician II,Training,122482,jpellant4m@springer.com
168,Dorian,Dumingo,Female,Administrative Officer,Research and Development,98136,ddumingo4n@blog.com
169,Merry,Cully,Female,Editor,Marketing,116306,mcully4o@about.com
170,Sumner,Klimaszewski,Male,Database Administrator II,Training,33824,sklimaszewski4p@alexa.com
171,Lemmie,Lonsdale,Male,Business Systems Development Analyst,Research and Development,48078,llonsdale4q@xing.com
172,Mayne,Coatsworth,Male,Civil Engineer,Accounting,31229,mcoatsworth4r@aol.com
173,Shandeigh,Worland,Female,Social Worker,Accounting,23234,sworland4s@answers.com
174,Jasen,Garrish,Male,Staff Accountant I,Research and Development,32188,jgarrish4t@slate.com
175,Nealon,Tebbs,Non-binary,GIS Technical Architect,Training,116199,ntebbs4u@fotki.com
176,Constanta,Wilstead,Female,Technical Writer,Sales,132881,cwilstead4v@jalbum.net
177,Kaspar,Dunleavy,Male,Senior Sales Associate,Support,124403,kdunleavy4w@reverbnation.com
178,Ryun,Astall,Male,Software Test Engineer III,Training,112115,rastall4x@oracle.com
179,Jae,Raycroft,Male,Compensation Analyst,Support,63151,jraycroft4y@istockphoto.com
180,Arni,Iley,Male,Software Consultant,Business Development,117242,ailey4z@ebay.co.uk
181,Walt,Bucklan,Male,Automation Specialist IV,Support,90450,wbucklan50@sfgate.com
182,Dotty,Aubry,Female,Human Resources Assistant I,Business Development,49256,daubry51@freewebs.com
183,Ewell,Bellard,Male,Chemical Engineer,Human Resources,123642,ebellard52@unicef.org
184,Manda,Olland,Polygender,Computer Systems Analyst IV,Business Development,28385,molland53@yellowpages.com
185,Avery,Timmons,Male,Health Coach III,Engineering,64154,atimmons54@skyrock.com
186,Devi,Izkoveski,Female,Chief Design Engineer,Sales,38749,dizkoveski55@delicious.com
187,Carleen,Schule,Female,Recruiting Manager,Human Resources,74268,cschule56@tinyurl.com
188,Edward,Ashwood,Male,Systems Administrator I,Human Resources,61239,eashwood57@reuters.com
189,Milli,Trevers,Female,Data Coordinator,Product Management,61284,mtrevers58@bigcartel.com
190,Brandice,Chiechio,Female,Developer IV,Research and Development,115081,bchiechio59@bbb.org
191,Ava,Eglinton,Female,Human Resources Assistant III,Marketing,45742,aeglinton5a@pagesperso-orange.fr
192,Chaunce,McCreary,Male,Marketing Assistant,Marketing,116248,cmccreary5b@feedburner.com
193,Gray,Jakoubec,Female,Senior Editor,Accounting,134416,gjakoubec5c@smh.com.au
194,Bud,Mattiato,Male,Research Assistant I,Research and Development,103481,bmattiato5d@census.gov
195,Rickie,Cathersides,Male,Staff Accountant II,Legal,142163,rcathersides5e@yahoo.co.jp
196,Viviyan,Rummings,Female,Clinical Specialist,Business Development,62782,vrummings5f@harvard.edu
197,Bronnie,Arminger,Male,Occupational Therapist,Legal,100321,barminger5g@uiuc.edu
198,Veronique,Swaden,Female,Payment Adjustment Coordinator,Services,54587,vswaden5h@dot.gov
199,Barn,Stoddart,Male,Associate Professor,Support,109294,bstoddart5i@printfriendly.com
200,Steward,Raisher,Male,Media Manager II,Marketing,42419,sraisher5j@techcrunch.com
201,Tomlin,Slowan,Male,Tax Accountant,Accounting,42896,tslowan5k@merriam-webster.com
202,Caroljean,Davidoff,Female,Structural Analysis Engineer,Services,122601,cdavidoff5l@dailymotion.com
203,Michel,Weymouth,Male,Chief Design Engineer,Support,89078,mweymouth5m@tuttocitta.it
204,Ammamaria,Mathen,Female,Analog Circuit Design manager,Product Management,66805,amathen5n@nationalgeographic.com
205,Cooper,Claybourne,Genderfluid,Financial Analyst,Research and Development,62511,cclaybourne5o@livejournal.com
206,Danit,Leonards,Non-binary,Accounting Assistant III,Services,144224,dleonards5p@baidu.com
207,Gwennie,Wrathmall,Female,Data Coordinator,Legal,129116,gwrathmall5q@globo.com
208,Carly,Barck,Female,VP Marketing,Legal,147340,cbarck5r@desdev.cn
209,Willard,Habercham,Genderqueer,Biostatistician II,Services,127864,whabercham5s@auda.org.au
210,Rina,Franzonello,Agender,Sales Associate,Product Management,65871,rfranzonello5t@hugedomains.com
211,Valli,Phythean,Female,Marketing Manager,Legal,34805,vphythean5u@tinypic.com
212,Nedi,Burdass,Female,Design Engineer,Accounting,94270,nburdass5v@princeton.edu
213,Maxie,Waddicor,Female,Computer Systems Analyst III,Marketing,142736,mwaddicor5w@wix.com
214,Alejandro,Lowden,Male,Staff Scientist,Marketing,52896,alowden5x@privacy.gov.au
215,Ange,Telfer,Male,Nurse Practicioner,Human Resources,61339,atelfer5y@g.co
216,Olivier,Reston,Male,Help Desk Technician,Research and Development,55347,oreston5z@webeden.co.uk
217,Jeannine,Phelipeaux,Female,Associate Professor,Sales,39400,jphelipeaux60@163.com
218,Keefe,Mayo,Male,VP Marketing,Marketing,77617,kmayo61@google.ca
219,Law,Megson,Male,Food Chemist,Marketing,40958,lmegson62@time.com
220,Claudine,McIsaac,Female,Professor,Product Management,145270,cmcisaac63@gnu.org
221,Garrott,Scoon,Male,Internal Auditor,Legal,103270,gscoon64@linkedin.com
222,Joly,Petschel,Female,Operator,Sales,53453,jpetschel65@wordpress.org
223,Harlan,Colleton,Male,Research Nurse,Support,38151,hcolleton66@shinystat.com
224,Fernandina,Bodill,Female,Administrative Officer,Business Development,147109,fbodill67@fotki.com
225,Amalle,Wallworth,Female,Accountant III,Research and Development,142941,awallworth68@dmoz.org
226,Garwood,McQuarrie,Male,Web Designer II,Human Resources,50019,gmcquarrie69@twitter.com
227,Walden,Hiddsley,Male,Developer II,Training,126645,whiddsley6a@berkeley.edu
228,Ariel,Biggerdike,Male,Research Assistant II,Training,27550,abiggerdike6b@issuu.com
229,Cori,McDonell,Male,Mechanical Systems Engineer,Sales,77495,cmcdonell6c@virginia.edu
230,Shana,Finnis,Female,Registered Nurse,Research and Development,116669,sfinnis6d@oaic.gov.au
231,Blaire,Wickey,Female,GIS Technical Architect,Engineering,90097,bwickey6e@yolasite.com
232,Nevin,Unitt,Male,Recruiting Manager,Engineering,81216,nunitt6f@berkeley.edu
233,Miller,La Batie,Male,Geological Engineer,Training,133967,mlabatie6g@loc.gov
234,Shani,Orta,Female,General Manager,Product Management,27038,sorta6h@smh.com.au
235,Ximenez,Giovannoni,Male,Systems Administrator I,Business Development,103506,xgiovannoni6i@plala.or.jp
236,Garv,Cahill,Male,Internal Auditor,Marketing,144085,gcahill6j@kickstarter.com
237,Bourke,Catterill,Male,Director of Sales,Product Management,20796,bcatterill6k@tripadvisor.com
238,Elie,Wootton,Female,Legal Assistant,Business Development,77307,ewootton6l@telegraph.co.uk
239,Devan,Tellenbach,Female,Business Systems Development Analyst,Services,133721,dtellenbach6m@webeden.co.uk
240,Siobhan,McKie,Female,Senior Financial Analyst,Support,146543,smckie6n@bandcamp.com
241,Nefen,Crocetti,Male,Tax Accountant,Business Development,107070,ncrocetti6o@ucoz.com
242,Claudie,Camock,Female,Senior Editor,Product Management,85074,ccamock6p@alexa.com
243,Morie,Huegett,Male,Compensation Analyst,Product Management,147557,mhuegett6q@woothemes.com
244,Kial,Crown,Female,Software Engineer II,Training,33344,kcrown6r@chicagotribune.com
245,Alicea,Malsher,Female,Recruiting Manager,Research and Development,126483,amalsher6s@army.mil
246,Rock,McConnal,Male,Sales Associate,Services,100601,rmcconnal6t@sogou.com
247,Beltran,Brotherwood,Male,Data Coordinator,Sales,106012,bbrotherwood6u@admin.ch
248,Alyce,Henkmann,Female,Senior Cost Accountant,Human Resources,123058,ahenkmann6v@fema.gov
249,Neilla,Stockford,Female,Pharmacist,Sales,58254,nstockford6w@cornell.edu
250,Araldo,Liversley,Male,Quality Control Specialist,Marketing,27809,aliversley6x@infoseek.co.jp
251,Arlena,Krimmer,Female,Software Consultant,Legal,145886,akrimmer6y@theglobeandmail.com
252,Benyamin,Baradel,Male,Administrative Assistant IV,Training,71605,bbaradel6z@boston.com
253,Coretta,Ginnally,Female,Help Desk Operator,Accounting,93102,cginnally70@cnbc.com
254,Jarib,Evensden,Male,Safety Technician I,Training,108538,jevensden71@moonfruit.com
255,Midge,Ramsden,Female,Budget/Accounting Analyst III,Marketing,100793,mramsden72@posterous.com
256,Hymie,Pyzer,Male,Senior Cost Accountant,Product Management,83153,hpyzer73@xrea.com
257,Zak,McKeevers,Male,Food Chemist,Legal,133160,zmckeevers74@cbsnews.com
258,Donia,Bamling,Female,Health Coach II,Human Resources,28109,dbamling75@hud.gov
259,Lindi,Eriksson,Genderfluid,Environmental Tech,Product Management,74699,leriksson76@themeforest.net
260,Catlee,Gurley,Female,Media Manager III,Human Resources,53932,cgurley77@macromedia.com
261,Kipper,Corbie,Male,Business Systems Development Analyst,Business Development,62723,kcorbie78@1688.com
262,Frasquito,Yeaman,Male,Actuary,Human Resources,31861,fyeaman79@elpais.com
263,Davida,Medgewick,Female,Financial Advisor,Human Resources,25755,dmedgewick7a@usda.gov
264,Shana,Sinderland,Female,Analog Circuit Design manager,Human Resources,110371,ssinderland7b@tinypic.com
265,Reynolds,Simenel,Male,Recruiter,Services,22245,rsimenel7c@china.com.cn
266,Tawsha,Botterell,Female,Associate Professor,Research and Development,101610,tbotterell7d@trellian.com
267,Bertrand,Ardy,Male,VP Sales,Training,35004,bardy7e@shop-pro.jp
268,Nike,Billie,Female,Web Developer III,Marketing,123253,nbillie7f@zimbio.com
269,Udale,Domeney,Male,Compensation Analyst,Engineering,125804,udomeney7g@nytimes.com
270,Esme,Derkes,Male,Research Nurse,Accounting,57790,ederkes7h@weibo.com
271,Flem,Cino,Male,Sales Representative,Support,85892,fcino7i@dailymail.co.uk
272,Kessia,Navarro,Female,Programmer IV,Training,117472,knavarro7j@posterous.com
273,Benjie,Loveday,Male,Pharmacist,Training,123682,bloveday7k@twitpic.com
274,Wallace,Dadswell,Male,Accountant III,Business Development,136255,wdadswell7l@diigo.com
275,Neron,Hefferan,Male,Structural Engineer,Sales,47493,nhefferan7m@pbs.org
276,Roarke,Donnan,Male,Engineer IV,Research and Development,65879,rdonnan7n@cafepress.com
277,Lucretia,Capelow,Female,Software Engineer I,Product Management,140647,lcapelow7o@sohu.com
278,Olivero,Jaggs,Male,Sales Associate,Business Development,34922,ojaggs7p@forbes.com
279,Tess,Pedreschi,Female,Junior Executive,Research and Development,79462,tpedreschi7q@seesaa.net
280,Aaren,Northin,Female,Editor,Research and Development,31057,anorthin7r@livejournal.com
281,Tanhya,Quinn,Female,Geological Engineer,Support,64613,tquinn7s@bloomberg.com
282,Stacy,Bryde,Female,Engineer II,Human Resources,41764,sbryde7t@cafepress.com
283,Harwilll,Wethers,Male,VP Marketing,Engineering,58885,hwethers7u@marketwatch.com
284,Muire,Longo,Female,Developer III,Support,63287,mlongo7v@craigslist.org
285,Lemmie,Grabert,Male,Statistician I,Marketing,64135,lgrabert7w@xinhuanet.com
286,Dianne,Ayers,Female,VP Sales,Training,126634,dayers7x@hubpages.com
287,Nikos,Coe,Male,Legal Assistant,Product Management,137418,ncoe7y@barnesandnoble.com
288,Mercedes,Feilden,Female,Nurse Practicioner,Research and Development,54255,mfeilden7z@google.nl
289,Rickey,Back,Male,Geologist III,Research and Development,87613,rback80@bravesites.com
290,Bryon,Crocetti,Male,Budget/Accounting Analyst I,Services,59238,bcrocetti81@tinypic.com
291,Erwin,Gerriessen,Male,Occupational Therapist,Business Development,101592,egerriessen82@wikipedia.org
292,Renato,Eede,Male,Director of Sales,Marketing,86597,reede83@sciencedirect.com
293,Alvan,Caurah,Male,Cost Accountant,Engineering,45111,acaurah84@odnoklassniki.ru
294,Oswell,Dibsdale,Genderfluid,Analyst Programmer,Business Development,138979,odibsdale85@studiopress.com
295,Jennine,Hasty,Female,Accounting Assistant III,Human Resources,87862,jhasty86@rambler.ru
296,Kayne,Caret,Male,Graphic Designer,Engineering,62977,kcaret87@businessinsider.com
297,Jared,Salters,Male,Speech Pathologist,Accounting,38610,jsalters88@columbia.edu
298,Lilli,Casoni,Female,Engineer III,Research and Development,128100,lcasoni89@1688.com
299,Erna,Dally,Female,Quality Engineer,Human Resources,137603,edally8a@fotki.com
300,Suellen,Longfield,Female,Design Engineer,Training,144929,slongfield8b@list-manage.com
301,Brigida,Cristobal,Female,VP Marketing,Sales,88050,bcristobal8c@state.gov
302,Caritta,Valder,Genderfluid,Food Chemist,Support,119749,cvalder8d@mayoclinic.com
303,Geraldine,Harbor,Female,Staff Accountant III,Research and Development,134278,gharbor8e@redcross.org
304,Adelle,Timlin,Female,Social Worker,Product Management,148304,atimlin8f@cbslocal.com
305,Germain,Djakovic,Female,Database Administrator IV,Services,142660,gdjakovic8g@wisc.edu
306,Nicolle,Greschik,Polygender,Quality Engineer,Legal,66405,ngreschik8h@nps.gov
307,Saudra,Thring,Female,VP Quality Control,Marketing,31426,sthring8i@redcross.org
308,Michaella,Youles,Female,Senior Sales Associate,Research and Development,78806,myoules8j@deliciousdays.com
309,Cinnamon,Clee,Female,Software Test Engineer II,Human Resources,142555,cclee8k@squidoo.com
310,Michale,Tidridge,Male,Administrative Assistant I,Engineering,92748,mtidridge8l@nature.com
311,Ailee,Pes,Female,Senior Quality Engineer,Product Management,82949,apes8m@cbslocal.com
312,Hartley,Benardette,Polygender,Environmental Tech,Human Resources,34580,hbenardette8n@cnbc.com
313,Wheeler,Rulton,Male,Account Executive,Product Management,27087,wrulton8o@patch.com
314,Jaymie,Cardew,Male,VP Sales,Training,30108,jcardew8p@miibeian.gov.cn
315,Cointon,Indgs,Male,Nuclear Power Engineer,Training,75359,cindgs8q@tinyurl.com
316,Bernardina,Bartolijn,Female,Quality Control Specialist,Engineering,28460,bbartolijn8r@plala.or.jp
317,Gennifer,Heckner,Female,Registered Nurse,Research and Development,69134,gheckner8s@moonfruit.com
318,Vi,Malatalant,Female,VP Accounting,Human Resources,46964,vmalatalant8t@google.nl
319,Allina,Vasiltsov,Polygender,Data Coordinator,Product Management,85512,avasiltsov8u@skype.com
320,Mattias,Devonside,Male,Payment Adjustment Coordinator,Services,89596,mdevonside8v@domainmarket.com
321,Nanci,Draycott,Bigender,Marketing Manager,Accounting,107873,ndraycott8w@hud.gov
322,Arron,Hollyar,Male,Administrative Officer,Legal,119215,ahollyar8x@whitehouse.gov
323,Gibby,Blakeslee,Bigender,Legal Assistant,Training,21318,gblakeslee8y@abc.net.au
324,Clarabelle,Houseman,Female,Social Worker,Accounting,58560,chouseman8z@edublogs.org
325,Paulita,Oleksiak,Female,Senior Cost Accountant,Legal,43070,poleksiak90@i2i.jp
326,Dede,Kinnerley,Female,Research Nurse,Marketing,70098,dkinnerley91@feedburner.com
327,Aurelea,Cromley,Female,Administrative Officer,Business Development,74399,acromley92@house.gov
328,Bliss,Lambersen,Female,Nurse Practicioner,Business Development,108340,blambersen93@intel.com
329,Aloysius,Beushaw,Male,Administrative Assistant III,Marketing,23303,abeushaw94@tripod.com
330,Stavro,MacLaren,Male,Editor,Sales,128089,smaclaren95@intel.com
331,Vidovik,Bruhnsen,Male,Sales Associate,Product Management,118117,vbruhnsen96@mashable.com
332,Aida,Antonutti,Female,VP Sales,Business Development,45810,aantonutti97@theatlantic.com
333,Vilma,Flexman,Female,Senior Financial Analyst,Services,72154,vflexman98@reverbnation.com
334,Gram,Traite,Male,Nurse Practicioner,Training,132098,gtraite99@blogger.com
335,Ninnetta,Baskeyfied,Female,Professor,Services,35778,nbaskeyfied9a@aol.com
336,Reginald,Ciccarello,Male,Nurse,Research and Development,110146,rciccarello9b@weibo.com
337,Marigold,Ormiston,Female,Business Systems Development Analyst,Marketing,26341,mormiston9c@dedecms.com
338,Adi,Carmen,Female,Database Administrator III,Sales,90148,acarmen9d@fema.gov
339,Jackie,Lottrington,Male,Occupational Therapist,Support,50742,jlottrington9e@dagondesign.com
340,Rriocard,Trattles,Male,Nuclear Power Engineer,Training,90209,rtrattles9f@wisc.edu
341,Panchito,Truckett,Male,Programmer IV,Services,38766,ptruckett9g@blogtalkradio.com
342,Kearney,Marsy,Genderqueer,Editor,Legal,78870,kmarsy9h@nydailynews.com
343,Lina,Skillicorn,Female,Nurse Practicioner,Legal,90934,lskillicorn9i@themeforest.net
344,Cletis,Mc Gaughey,Male,Product Engineer,Legal,112861,cmcgaughey9j@elpais.com
345,Edouard,Scrammage,Male,Associate Professor,Engineering,84139,escrammage9k@bloglovin.com
346,Rutledge,Crutcher,Male,VP Marketing,Services,55373,rcrutcher9l@harvard.edu
347,Wynn,Ruoss,Female,Quality Engineer,Services,95559,wruoss9m@marketwatch.com
348,Harriott,Edmondson,Female,Health Coach II,Business Development,145639,hedmondson9n@amazon.co.uk
349,Miquela,Bagott,Female,Dental Hygienist,Marketing,33667,mbagott9o@hugedomains.com
350,Saunders,Dunsire,Genderfluid,VP Marketing,Training,69009,sdunsire9p@bloglines.com
351,Geri,Tasch,Male,Nuclear Power Engineer,Legal,133252,gtasch9q@free.fr
352,Elyse,Evamy,Female,Senior Quality Engineer,Support,142538,eevamy9r@soundcloud.com
353,Eugenio,Sutlieff,Male,Staff Scientist,Services,108002,esutlieff9s@cnbc.com
354,Loralee,Wogdon,Female,Quality Control Specialist,Sales,24580,lwogdon9t@shop-pro.jp
355,Jamal,Pears,Male,Staff Accountant III,Support,76676,jpears9u@tmall.com
356,Janifer,Mee,Female,Financial Advisor,Sales,139889,jmee9v@360.cn
357,Claudine,Waugh,Female,Assistant Manager,Sales,53952,cwaugh9w@discovery.com
358,Bennett,MacCaughey,Male,Staff Accountant III,Business Development,101317,bmaccaughey9x@gov.uk
359,Gris,Teague,Male,Compensation Analyst,Business Development,32009,gteague9y@ovh.net
360,Rolland,Osbidston,Male,Nurse Practicioner,Sales,59066,rosbidston9z@ow.ly
361,Hamish,Duncanson,Male,Design Engineer,Training,73519,hduncansona0@clickbank.net
362,Bengt,Jurisch,Male,Senior Editor,Accounting,65413,bjurischa1@fema.gov
363,Cecile,Lochead,Non-binary,Computer Systems Analyst II,Business Development,134719,clocheada2@tiny.cc
364,Staffard,Aubray,Male,Teacher,Legal,40274,saubraya3@blinklist.com
365,Krishnah,Jamblin,Male,Marketing Assistant,Legal,66578,kjamblina4@nationalgeographic.com
366,Prissie,Kidman,Female,Professor,Sales,45989,pkidmana5@nydailynews.com
367,Jeniffer,Handlin,Female,Web Developer III,Support,102749,jhandlina6@telegraph.co.uk
368,Gwynne,Malamore,Female,Administrative Assistant I,Research and Development,69516,gmalamorea7@deliciousdays.com
369,Gusta,Joney,Female,Social Worker,Marketing,130446,gjoneya8@myspace.com
370,Hayden,Petherick,Male,Help Desk Operator,Sales,26528,hpethericka9@imgur.com
371,Reggie,Reeks,Male,Programmer Analyst I,Marketing,91827,rreeksaa@dmoz.org
372,Ardenia,Benedicte,Female,Compensation Analyst,Research and Development,46398,abenedicteab@canalblog.com
373,Cherilyn,Seeler,Female,Office Assistant I,Accounting,20881,cseelerac@jugem.jp
374,Betteann,Corradi,Female,Community Outreach Specialist,Sales,88671,bcorradiad@wufoo.com
375,Bernhard,Stickney,Male,Speech Pathologist,Sales,73021,bstickneyae@ycombinator.com
376,Averell,Mace,Male,Occupational Therapist,Support,60708,amaceaf@comsenz.com
377,Ainsley,Swanne,Female,Marketing Assistant,Training,90648,aswanneag@senate.gov
378,Charlotta,Swinn,Female,Occupational Therapist,Engineering,85953,cswinnah@ucsd.edu
379,Taryn,Szantho,Female,Cost Accountant,Research and Development,137401,tszanthoai@edublogs.org
380,Bastian,Patriche,Male,Statistician III,Research and Development,24316,bpatricheaj@hud.gov
381,Tanhya,Lanchbery,Female,Teacher,Legal,60993,tlanchberyak@google.fr
382,Linus,Wimbury,Male,Project Manager,Research and Development,102468,lwimburyal@seattletimes.com
383,Jaclin,Lagen,Female,Teacher,Marketing,126351,jlagenam@godaddy.com
384,Sherlocke,Webborn,Agender,Compensation Analyst,Training,89769,swebbornan@slate.com
385,Jerald,Roles,Bigender,Business Systems Development Analyst,Support,92554,jrolesao@icq.com
386,Normand,Gemmell,Male,VP Quality Control,Services,140135,ngemmellap@harvard.edu
387,Harli,Johannes,Genderfluid,Quality Engineer,Accounting,135907,hjohannesaq@drupal.org
388,Vanny,Reynard,Female,Executive Secretary,Research and Development,132608,vreynardar@canalblog.com
389,Raphael,Rawlyns,Male,Food Chemist,Training,115064,rrawlynsas@wordpress.org
390,Lynnett,Gerty,Female,Information Systems Manager,Support,81598,lgertyat@trellian.com
391,Timotheus,McCathay,Male,Account Representative II,Human Resources,113307,tmccathayau@imgur.com
392,Stephine,Beirne,Female,Programmer Analyst III,Marketing,28759,sbeirneav@va.gov
393,Raviv,Bispham,Male,Chemical Engineer,Support,23970,rbisphamaw@chronoengine.com
394,Micheil,Gyngell,Male,Marketing Assistant,Research and Development,80519,mgyngellax@typepad.com
395,Melody,Butterly,Female,Information Systems Manager,Research and Development,81510,mbutterlyay@wunderground.com
396,Bentlee,Syrett,Male,Human Resources Assistant IV,Support,134331,bsyrettaz@statcounter.com
397,Dennet,Tomasicchio,Male,Internal Auditor,Research and Development,93752,dtomasicchiob0@prlog.org
398,Mahmoud,Wathall,Male,Social Worker,Accounting,77055,mwathallb1@biblegateway.com
399,Cristobal,Ewenson,Male,Information Systems Manager,Research and Development,125811,cewensonb2@arstechnica.com
400,Julienne,Potts,Female,Information Systems Manager,Human Resources,90554,jpottsb3@apple.com
401,Margaux,Pearl,Female,Systems Administrator I,Accounting,71014,mpearlb4@ihg.com
402,Karlens,Tilt,Male,Structural Engineer,Accounting,136280,ktiltb5@constantcontact.com
403,Ashton,Maylor,Male,Desktop Support Technician,Engineering,74497,amaylorb6@friendfeed.com
404,Waite,Lippiett,Male,Actuary,Support,23364,wlippiettb7@dagondesign.com
405,Daloris,Croucher,Female,GIS Technical Architect,Business Development,82282,dcroucherb8@un.org
406,Sarene,Blasdale,Female,Senior Editor,Marketing,128058,sblasdaleb9@businessinsider.com
407,Karoline,Ovitts,Female,Structural Analysis Engineer,Business Development,113422,kovittsba@japanpost.jp
408,Alaric,Simoncini,Male,Occupational Therapist,Business Development,33006,asimoncinibb@yelp.com
409,Nolan,Challen,Male,Marketing Manager,Services,79903,nchallenbc@trellian.com
410,Zebedee,Tarborn,Male,Actuary,Engineering,114936,ztarbornbd@imgur.com
411,Simone,Noury,Male,Compensation Analyst,Marketing,118999,snourybe@prnewswire.com
412,Lothario,Carthy,Male,Legal Assistant,Marketing,76942,lcarthybf@google.com.hk
413,Geraldine,Caselli,Female,Director of Sales,Engineering,129031,gcasellibg@indiegogo.com
414,Verney,Snarr,Polygender,Compensation Analyst,Accounting,124167,vsnarrbh@pinterest.com
415,Alvera,Sivior,Female,Design Engineer,Research and Development,28156,asiviorbi@gmpg.org
416,Eadie,Nightingale,Female,Product Engineer,Product Management,72179,enightingalebj@bloglovin.com
417,Aleksandr,Kik,Male,Information Systems Manager,Engineering,84257,akikbk@gnu.org
418,Wandie,Campagne,Genderqueer,Nurse Practicioner,Human Resources,60719,wcampagnebl@hhs.gov
419,Shaylah,Schollar,Female,Geologist III,Human Resources,61845,sschollarbm@moonfruit.com
420,Townie,Bedingfield,Male,VP Quality Control,Engineering,47945,tbedingfieldbn@1688.com
421,Wandis,Cawte,Female,Electrical Engineer,Sales,110215,wcawtebo@blogtalkradio.com
422,Clemmy,Tabord,Genderfluid,Senior Quality Engineer,Business Development,24214,ctabordbp@opensource.org
423,Westbrook,Brimham,Male,Human Resources Assistant IV,Product Management,45767,wbrimhambq@gnu.org
424,Pearline,O'Carrol,Genderfluid,Help Desk Technician,Services,70148,pocarrolbr@npr.org
425,Gannie,Fivey,Male,Marketing Manager,Sales,120716,gfiveybs@gmpg.org
426,Hamilton,Bratley,Male,VP Product Management,Human Resources,56781,hbratleybt@google.co.jp
427,Pietrek,Searjeant,Male,Financial Advisor,Product Management,53604,psearjeantbu@diigo.com
428,Wren,Twiname,Female,Research Nurse,Accounting,55610,wtwinamebv@statcounter.com
429,Charmane,Laffan,Agender,Nurse Practicioner,Accounting,35681,claffanbw@gmpg.org
430,Jennie,Bissett,Genderqueer,Geologist III,Accounting,135707,jbissettbx@w3.org
431,Gail,Fraser,Female,Chemical Engineer,Support,28258,gfraserby@yellowpages.com
432,Micky,Greenshields,Male,Speech Pathologist,Services,57528,mgreenshieldsbz@sun.com
433,Thatch,Pidgen,Male,Senior Cost Accountant,Sales,20608,tpidgenc0@jigsy.com
434,Elladine,Dumbrill,Female,Web Designer III,Product Management,47525,edumbrillc1@tripadvisor.com
435,Agneta,Borres,Female,Graphic Designer,Human Resources,84994,aborresc2@studiopress.com
436,Templeton,Palumbo,Male,Human Resources Assistant II,Research and Development,121511,tpalumboc3@cnbc.com
437,Winn,Behneke,Male,Senior Cost Accountant,Training,31552,wbehnekec4@opensource.org
438,Verina,Vurley,Female,Budget/Accounting Analyst II,Engineering,81266,vvurleyc5@mail.ru
439,Padget,Woofinden,Male,Staff Accountant IV,Marketing,62225,pwoofindenc6@yahoo.com
440,Jeth,Wandtke,Agender,Marketing Manager,Support,123454,jwandtkec7@fastcompany.com
441,Ebonee,Overlow,Female,Paralegal,Legal,135218,eoverlowc8@vkontakte.ru
442,Jemie,Eberz,Female,Database Administrator II,Human Resources,71066,jeberzc9@a8.net
443,Edgar,Paulusch,Genderqueer,Account Executive,Engineering,111280,epauluschca@cnn.com
444,Carmelle,Afield,Female,Quality Engineer,Sales,126438,cafieldcb@bloglines.com
445,Greggory,Winfield,Male,VP Product Management,Human Resources,106432,gwinfieldcc@japanpost.jp
446,Monika,Martinon,Female,Help Desk Technician,Research and Development,52008,mmartinoncd@stumbleupon.com
447,Kirsteni,Carrel,Female,Senior Cost Accountant,Services,89024,kcarrelce@cbsnews.com
448,Fiorenze,Dufore,Female,Geologist III,Services,141595,fduforecf@senate.gov
449,Ingamar,Hume,Male,Software Engineer IV,Human Resources,82954,ihumecg@addtoany.com
450,Della,Murrhardt,Female,Recruiting Manager,Sales,101031,dmurrhardtch@google.ru
451,Cari,Maharry,Female,Web Designer II,Product Management,43829,cmaharryci@phoca.cz
452,Sibilla,Mammatt,Female,VP Sales,Product Management,61322,smammattcj@live.com
453,Dew,Bragginton,Male,Marketing Manager,Legal,22463,dbraggintonck@mozilla.com
454,Devonna,Kilty,Female,Speech Pathologist,Accounting,135588,dkiltycl@nature.com
455,Con,Lelievre,Polygender,Social Worker,Sales,38127,clelievrecm@facebook.com
456,Ninnette,Tolerton,Genderqueer,Paralegal,Support,100820,ntolertoncn@whitehouse.gov
457,Wernher,Louth,Male,Tax Accountant,Services,82651,wlouthco@angelfire.com
458,Aldwin,Grindlay,Male,Geologist II,Training,109964,agrindlaycp@issuu.com
459,Gregoire,Mersh,Male,Analog Circuit Design manager,Marketing,112660,gmershcq@irs.gov
460,Juieta,Marchington,Female,Human Resources Assistant III,Business Development,62391,jmarchingtoncr@nyu.edu
461,Frazer,McVeagh,Agender,Environmental Tech,Product Management,109698,fmcveaghcs@illinois.edu
462,Sibyl,McLafferty,Male,Community Outreach Specialist,Legal,138199,smclaffertyct@360.cn
463,Gordy,Hurdwell,Male,Research Associate,Training,77098,ghurdwellcu@flickr.com
464,Gwendolin,Yegorkin,Female,Help Desk Technician,Business Development,100444,gyegorkincv@ezinearticles.com
465,Jimmie,Spurrett,Male,Automation Specialist I,Sales,33273,jspurrettcw@icq.com
466,Hadley,Ollivier,Male,Teacher,Marketing,102785,holliviercx@jugem.jp
467,Sloane,Dowall,Male,Accountant I,Human Resources,115231,sdowallcy@deliciousdays.com
468,Geoffrey,Ahern,Male,Research Nurse,Human Resources,100714,gaherncz@github.io
469,Jacklin,Balducci,Female,VP Sales,Accounting,121697,jbalduccid0@arstechnica.com
470,Orion,Moughton,Male,Automation Specialist II,Engineering,92733,omoughtond1@techcrunch.com
471,Vincents,Fairy,Male,Operator,Support,36434,vfairyd2@senate.gov
472,Jordan,Baitson,Male,Associate Professor,Engineering,45302,jbaitsond3@shareasale.com
473,Myrta,Cuppleditch,Female,Pharmacist,Accounting,62066,mcuppleditchd4@ycombinator.com
474,Jade,Godbolt,Non-binary,Data Coordinator,Accounting,92842,jgodboltd5@opera.com
475,Gwen,Devinn,Female,Environmental Specialist,Legal,22581,gdevinnd6@bluehost.com
476,Bartolomeo,Faulkner,Male,Mechanical Systems Engineer,Accounting,140821,bfaulknerd7@washingtonpost.com
477,Bill,Eliyahu,Polygender,Software Consultant,Training,50640,beliyahud8@w3.org
478,Panchito,Files,Male,Database Administrator III,Human Resources,42169,pfilesd9@washingtonpost.com
479,Storm,Tunder,Female,Staff Scientist,Sales,147829,stunderda@google.fr
480,Walther,Mobbs,Male,Developer III,Product Management,48092,wmobbsdb@twitpic.com
481,Gabriele,Gurnay,Male,Senior Financial Analyst,Marketing,126092,ggurnaydc@tuttocitta.it
482,Abram,Harty,Male,Quality Engineer,Research and Development,81904,ahartydd@zimbio.com
483,Agace,Sivorn,Bigender,Operator,Accounting,82883,asivornde@abc.net.au
484,Kathleen,Poizer,Female,VP Sales,Sales,35029,kpoizerdf@wunderground.com
485,Ondrea,Balaisot,Female,Executive Secretary,Product Management,24220,obalaisotdg@tripadvisor.com
486,Delmar,Sparey,Male,Business Systems Development Analyst,Legal,114850,dspareydh@twitter.com
487,Cherianne,Kell,Female,Tax Accountant,Business Development,105377,ckelldi@arizona.edu
488,Minta,Anthoin,Genderfluid,Office Assistant III,Human Resources,137801,manthoindj@networkadvertising.org
489,Palm,Marjot,Male,Structural Engineer,Business Development,32269,pmarjotdk@sfgate.com
490,Truman,Barthelmes,Agender,Computer Systems Analyst IV,Marketing,78101,tbarthelmesdl@msn.com
491,Derrek,Peile,Male,Account Representative IV,Accounting,63988,dpeiledm@zimbio.com
492,Gabby,Capener,Male,Web Developer IV,Training,82926,gcapenerdn@google.com
493,Sherlocke,Cartan,Male,Internal Auditor,Human Resources,102557,scartando@mysql.com
494,Lilian,Gallico,Female,Software Consultant,Support,106666,lgallicodp@sbwire.com
495,Dominic,Wilmut,Male,Help Desk Technician,Legal,120044,dwilmutdq@house.gov
496,Robby,Wolfer,Male,Account Executive,Marketing,86756,rwolferdr@stumbleupon.com
497,Joya,Tointon,Female,Speech Pathologist,Support,63488,jtointonds@1und1.de
498,Julie,Growcock,Female,Registered Nurse,Services,134309,jgrowcockdt@dailymail.co.uk
499,Bay,Fowgies,Male,Web Developer I,Sales,99287,bfowgiesdu@mashable.com
500,Shaine,Twitchings,Female,Quality Engineer,Support,21058,stwitchingsdv@biblegateway.com
501,Stanleigh,Sarath,Male,Chemical Engineer,Support,24691,ssarathdw@dailymotion.com
502,Grier,Friedman,Female,Programmer Analyst IV,Services,41891,gfriedmandx@nsw.gov.au
503,Whitby,Boldecke,Male,Environmental Tech,Accounting,20757,wboldeckedy@omniture.com
504,Doreen,Doveston,Female,Graphic Designer,Support,72909,ddovestondz@cornell.edu
505,Nicolai,Haily,Male,Desktop Support Technician,Support,96320,nhailye0@topsy.com
506,Abby,Alderwick,Male,Analyst Programmer,Marketing,128356,aalderwicke1@uiuc.edu
507,Pryce,Winram,Male,Research Associate,Engineering,118166,pwinrame2@amazonaws.com
508,Alina,Ligerton,Female,Structural Engineer,Services,75828,aligertone3@nhs.uk
509,Kean,Ornelas,Male,Computer Systems Analyst III,Human Resources,120376,kornelase4@jalbum.net
510,Bradly,Elintune,Male,Research Associate,Human Resources,58738,belintunee5@trellian.com
511,Townie,Petegre,Male,Financial Analyst,Engineering,66934,tpetegree6@aol.com
512,Malinde,Browse,Female,Analog Circuit Design manager,Training,131512,mbrowsee7@gmpg.org
513,Sherlock,Coling,Male,Data Coordinator,Engineering,108523,scolinge8@constantcontact.com
514,Sean,Harlett,Male,Accountant II,Sales,123554,sharlette9@sina.com.cn
515,Karoly,McManamen,Male,Junior Executive,Accounting,70271,kmcmanamenea@myspace.com
516,Gerome,Playford,Male,Web Developer III,Business Development,37101,gplayfordeb@harvard.edu
517,Algernon,Husselbee,Male,Software Consultant,Research and Development,89304,ahusselbeeec@mail.ru
518,Lanie,Pargent,Male,Account Executive,Training,139380,lpargented@elegantthemes.com
519,Thatch,Pykerman,Male,Civil Engineer,Accounting,115080,tpykermanee@archive.org
520,Eal,Begwell,Male,Project Manager,Support,87119,ebegwellef@nasa.gov
521,Karisa,Copestake,Female,VP Product Management,Support,99660,kcopestakeeg@ucoz.com
522,Hartley,Sorrie,Male,Programmer IV,Engineering,52096,hsorrieeh@home.pl
523,Brandais,Buttrey,Female,Librarian,Legal,140077,bbuttreyei@instagram.com
524,Kiley,Fearneley,Male,Senior Developer,Human Resources,36571,kfearneleyej@bluehost.com
525,Caresa,Salsbury,Female,Tax Accountant,Services,96286,csalsburyek@themeforest.net
526,Willa,Twinborne,Genderqueer,Compensation Analyst,Research and Development,23203,wtwinborneel@census.gov
527,Saxe,Starford,Male,Quality Control Specialist,Research and Development,87444,sstarfordem@hexun.com
528,Gizela,Dennes,Polygender,Biostatistician IV,Research and Development,104556,gdennesen@npr.org
529,Reece,Cassely,Male,VP Marketing,Engineering,45913,rcasselyeo@gmpg.org
530,Esmeralda,Hearn,Female,Quality Engineer,Services,113248,ehearnep@facebook.com
531,Zita,Bangiard,Female,Design Engineer,Training,96476,zbangiardeq@redcross.org
532,Carmela,Dominguez,Female,Senior Quality Engineer,Product Management,149878,cdominguezer@posterous.com
533,Ragnar,Drinnan,Male,Computer Systems Analyst II,Support,141561,rdrinnanes@myspace.com
534,Wainwright,Leahair,Male,Civil Engineer,Human Resources,98164,wleahairet@forbes.com
535,Tad,Overstreet,Male,Operator,Legal,74174,toverstreeteu@bing.com
536,Sena,Wartonby,Female,Editor,Engineering,89516,swartonbyev@miibeian.gov.cn
537,Berti,Dran,Female,Research Associate,Legal,31953,bdranew@studiopress.com
538,Giovanni,McSparran,Male,Junior Executive,Sales,123612,gmcsparranex@yolasite.com
539,Pansie,Ferrino,Female,Senior Sales Associate,Services,114071,pferrinoey@utexas.edu
540,Leigha,Dignum,Agender,Account Executive,Marketing,125301,ldignumez@ftc.gov
541,Giffy,Ferrari,Bigender,Analog Circuit Design manager,Research and Development,120760,gferrarif0@bizjournals.com
542,Dolorita,Fawssett,Female,Computer Systems Analyst II,Research and Development,92473,dfawssettf1@blogtalkradio.com
543,Vanni,Clout,Female,Speech Pathologist,Services,25537,vcloutf2@webs.com
544,Kylie,Zanni,Female,Structural Analysis Engineer,Marketing,136691,kzannif3@npr.org
545,Sula,Town,Female,Human Resources Assistant IV,Services,95224,stownf4@storify.com
546,Pepi,Cheves,Non-binary,Senior Editor,Sales,90151,pchevesf5@europa.eu
547,Jaimie,Charlson,Female,Staff Scientist,Product Management,140628,jcharlsonf6@digg.com
548,Valry,Teliga,Female,Marketing Assistant,Sales,58968,vteligaf7@ask.com
549,Cordi,Creffield,Female,Programmer I,Support,92611,ccreffieldf8@ycombinator.com
550,Suzanna,Dunk,Bigender,Quality Control Specialist,Services,65968,sdunkf9@springer.com
551,Gregorius,Graber,Male,Web Designer I,Accounting,52187,ggraberfa@huffingtonpost.com
552,Ferdie,Edlyne,Male,Paralegal,Research and Development,113982,fedlynefb@zimbio.com
553,Noland,Dwane,Male,Assistant Manager,Business Development,52849,ndwanefc@bing.com
554,Aldric,Skyrm,Male,Nurse,Training,105359,askyrmfd@google.co.jp
555,Stu,Kinnett,Male,Senior Cost Accountant,Engineering,61679,skinnettfe@usnews.com
556,Alon,Robens,Agender,Budget/Accounting Analyst III,Accounting,35119,arobensff@blogs.com
557,Isador,O'Moylane,Male,Financial Advisor,Training,82250,iomoylanefg@washingtonpost.com
558,Jobi,Symmons,Female,Marketing Manager,Sales,37916,jsymmonsfh@wisc.edu
559,Hilario,Lamming,Male,Programmer Analyst II,Engineering,139114,hlammingfi@wunderground.com
560,Annabal,Jephcote,Female,Help Desk Operator,Research and Development,87617,ajephcotefj@geocities.jp
561,Agustin,Heck,Male,Information Systems Manager,Services,22647,aheckfk@bbb.org
562,Marjie,McMackin,Female,Automation Specialist III,Business Development,37783,mmcmackinfl@barnesandnoble.com
563,Marge,Shimwell,Bigender,Web Designer I,Engineering,110778,mshimwellfm@go.com
564,Jeannie,Warbys,Female,Computer Systems Analyst I,Marketing,79616,jwarbysfn@naver.com
565,Dukey,Sillars,Male,Help Desk Operator,Marketing,35177,dsillarsfo@ebay.com
566,Chastity,Canton,Female,Administrative Officer,Support,104562,ccantonfp@tamu.edu
567,Edgard,Grievson,Male,Health Coach II,Accounting,133016,egrievsonfq@linkedin.com
568,Tani,Korlat,Female,Accounting Assistant II,Product Management,50699,tkorlatfr@cbslocal.com
569,Lauraine,Crush,Female,Staff Scientist,Marketing,46110,lcrushfs@t-online.de
570,Clemens,Le Noir,Male,Project Manager,Research and Development,135257,clenoirft@ocn.ne.jp
571,Drugi,Sket,Male,Health Coach IV,Training,140934,dsketfu@reference.com
572,Melonie,O'Concannon,Female,Accountant II,Legal,95619,moconcannonfv@wsj.com
573,Dyann,Abatelli,Female,Assistant Media Planner,Product Management,61772,dabatellifw@samsung.com
574,Augustus,Hassin,Genderqueer,Analyst Programmer,Marketing,108024,ahassinfx@mayoclinic.com
575,Hans,Peres,Male,Budget/Accounting Analyst I,Training,26228,hperesfy@e-recht24.de
576,Rorie,Kienle,Female,Assistant Manager,Support,63572,rkienlefz@lulu.com
577,Felipa,Broadberry,Female,Nurse,Accounting,138235,fbroadberryg0@booking.com
578,Robby,Bryce,Male,Automation Specialist I,Research and Development,95020,rbryceg1@newsvine.com
579,Roselia,Sugden,Agender,Speech Pathologist,Legal,86525,rsugdeng2@techcrunch.com
580,Nickolaus,Pearton,Male,Speech Pathologist,Support,104355,npeartong3@wikimedia.org
581,Lindsey,Lodewick,Male,Media Manager II,Legal,138512,llodewickg4@dot.gov
582,Dex,Potbury,Male,Financial Advisor,Product Management,109494,dpotburyg5@acquirethisname.com
583,Carter,Bachshell,Male,Analog Circuit Design manager,Sales,97519,cbachshellg6@adobe.com
584,Edouard,Stranger,Agender,Nurse,Legal,22500,estrangerg7@photobucket.com
585,Noell,Findlater,Female,Operator,Business Development,39072,nfindlaterg8@geocities.jp
586,Juana,Teesdale,Female,VP Sales,Business Development,46490,jteesdaleg9@ebay.co.uk
587,Nico,Loggie,Male,Human Resources Manager,Training,127695,nloggiega@home.pl
588,Dorita,Stonard,Female,Junior Executive,Legal,64892,dstonardgb@ocn.ne.jp
589,Brana,Mockett,Female,Developer III,Legal,38582,bmockettgc@japanpost.jp
590,Ker,Durek,Male,Librarian,Support,146439,kdurekgd@ca.gov
591,Merrili,Heatley,Female,Actuary,Human Resources,127518,mheatleyge@geocities.jp
592,Morna,Volant,Genderfluid,Community Outreach Specialist,Accounting,32060,mvolantgf@ox.ac.uk
593,Judith,Laughton,Female,Engineer III,Business Development,104021,jlaughtongg@discuz.net
594,Massimiliano,Emmison,Male,Assistant Professor,Human Resources,134318,memmisongh@vistaprint.com
595,Burnaby,Willimott,Male,Environmental Tech,Training,67440,bwillimottgi@businessweek.com
596,Care,Nellis,Male,Web Designer II,Legal,129201,cnellisgj@hugedomains.com
597,Chance,Ximenez,Male,Recruiter,Human Resources,49644,cximenezgk@twitpic.com
598,Noach,Fransman,Male,Statistician IV,Engineering,110535,nfransmangl@cbsnews.com
599,Hattie,Jentgens,Female,Operator,Marketing,140308,hjentgensgm@ftc.gov
600,Averil,Lunney,Genderfluid,Recruiter,Research and Development,124343,alunneygn@gmpg.org
601,Tabb,McPeake,Male,Junior Executive,Training,89140,tmcpeakego@cocolog-nifty.com
602,Salvatore,Gallacher,Male,Nurse Practicioner,Marketing,78145,sgallachergp@woothemes.com
603,Perceval,Braunlein,Male,Software Consultant,Research and Development,127444,pbraunleingq@about.me
604,Moishe,O' Mullane,Male,Paralegal,Services,104569,momullanegr@pbs.org
605,Reynold,Stuckford,Male,Software Test Engineer I,Business Development,134799,rstuckfordgs@a8.net
606,Ailey,Gorriessen,Female,Professor,Sales,48806,agorriessengt@slate.com
607,Darrell,Delahunty,Male,Dental Hygienist,Legal,108403,ddelahuntygu@github.io
608,Pate,Chessman,Male,Senior Developer,Legal,129888,pchessmangv@google.com
609,Thorny,Shiell,Male,Civil Engineer,Engineering,104166,tshiellgw@seattletimes.com
610,Earlie,Spottiswoode,Male,Assistant Professor,Engineering,45576,espottiswoodegx@quantcast.com
611,Heindrick,Mallia,Male,Assistant Professor,Marketing,24218,hmalliagy@unicef.org
612,Phillipp,Covely,Male,Senior Quality Engineer,Legal,60207,pcovelygz@tripod.com
613,Vanessa,Glendza,Female,Food Chemist,Training,53412,vglendzah0@goodreads.com
614,Lorne,Corneliussen,Female,Software Test Engineer I,Sales,55518,lcorneliussenh1@barnesandnoble.com
615,Serge,Alyukin,Male,Programmer Analyst I,Marketing,33599,salyukinh2@nifty.com
616,Jennee,Faragher,Female,Structural Engineer,Product Management,136668,jfaragherh3@i2i.jp
617,Weber,Whellams,Male,Recruiter,Services,132466,wwhellamsh4@slideshare.net
618,Ally,Pascall,Female,Pharmacist,Product Management,40477,apascallh5@auda.org.au
619,Isidor,Penny,Male,Data Coordinator,Engineering,127193,ipennyh6@latimes.com
620,Dewitt,Audry,Male,Executive Secretary,Support,42891,daudryh7@theglobeandmail.com
621,Smith,Nozzolinii,Agender,Engineer II,Business Development,51802,snozzoliniih8@tumblr.com
622,Kelcey,Lineker,Female,Financial Analyst,Business Development,104119,klinekerh9@google.ca
623,Malinda,Manser,Polygender,Occupational Therapist,Training,128223,mmanserha@pbs.org
624,Paco,McEllen,Male,Accounting Assistant I,Services,75103,pmcellenhb@usnews.com
625,Tanney,Lobell,Male,Programmer II,Accounting,147684,tlobellhc@a8.net
626,Maxy,Standen,Female,Software Test Engineer III,Business Development,140980,mstandenhd@yolasite.com
627,Erin,Urry,Male,Human Resources Manager,Legal,80497,eurryhe@amazonaws.com
628,Kimball,Roe,Male,Executive Secretary,Business Development,118852,kroehf@wikia.com
629,Nan,Lomaz,Female,Graphic Designer,Research and Development,125237,nlomazhg@nature.com
630,Andra,Stallon,Female,Programmer Analyst III,Research and Development,30075,astallonhh@fastcompany.com
631,Tibold,Rivard,Male,Director of Sales,Support,106018,trivardhi@wired.com
632,Mannie,Ollerearnshaw,Male,Quality Control Specialist,Support,109304,mollerearnshawhj@stanford.edu
633,Goober,Cleary,Male,Account Executive,Research and Development,28591,gclearyhk@jugem.jp
634,Elyn,Matiashvili,Female,Account Coordinator,Training,124016,ematiashvilihl@bing.com
635,Bryce,Vasnetsov,Male,Senior Financial Analyst,Research and Development,98334,bvasnetsovhm@cafepress.com
636,Pauly,Chartre,Female,VP Sales,Services,125941,pchartrehn@shareasale.com
637,Mannie,Mantram,Male,Help Desk Operator,Training,99871,mmantramho@diigo.com
638,Kristyn,Venners,Female,Research Nurse,Support,72138,kvennershp@freewebs.com
639,Filberto,Melbury,Male,Environmental Specialist,Support,62449,fmelburyhq@spotify.com
640,Nona,Styan,Female,Nurse Practicioner,Support,119277,nstyanhr@blogs.com
641,Kyle,Bletsor,Polygender,Pharmacist,Research and Development,64696,kbletsorhs@wix.com
642,Evonne,Clifft,Female,General Manager,Marketing,136491,eclifftht@sphinn.com
643,Ximenes,Fancet,Male,Junior Executive,Services,137114,xfancethu@goo.gl
644,Padgett,Godspeede,Male,Staff Accountant III,Services,50868,pgodspeedehv@harvard.edu
645,Brynn,Wilkinson,Female,Registered Nurse,Engineering,92659,bwilkinsonhw@stumbleupon.com
646,Filberto,Cooley,Male,Account Representative III,Sales,100276,fcooleyhx@who.int
647,Brodie,Reuven,Bigender,Editor,Accounting,144680,breuvenhy@nbcnews.com
648,Blayne,Burnsyde,Male,Physical Therapy Assistant,Human Resources,47164,bburnsydehz@dyndns.org
649,Rosalyn,Lithgow,Polygender,Tax Accountant,Legal,119247,rlithgowi0@etsy.com
650,Tamera,Gledstane,Female,Chief Design Engineer,Business Development,100143,tgledstanei1@who.int
651,Jasmin,O'Hanlon,Female,Developer II,Engineering,80534,johanloni2@blogger.com
652,Ambrosius,Walthall,Male,Analog Circuit Design manager,Business Development,104700,awalthalli3@123-reg.co.uk
653,Onfroi,Clews,Male,Editor,Product Management,72680,oclewsi4@homestead.com
654,Rianon,Artindale,Female,Structural Engineer,Business Development,32844,rartindalei5@apple.com
655,Nataline,MacLaughlin,Genderqueer,VP Sales,Human Resources,85557,nmaclaughlini6@zdnet.com
656,Minor,Brunroth,Male,Assistant Manager,Support,111219,mbrunrothi7@slate.com
657,Scotti,Gething,Male,VP Product Management,Services,117630,sgethingi8@dagondesign.com
658,Meier,Barnewille,Male,Sales Representative,Product Management,81084,mbarnewillei9@mlb.com
659,Sonja,Heynen,Female,Budget/Accounting Analyst I,Training,130239,sheynenia@rediff.com
660,Free,Mantle,Male,Nuclear Power Engineer,Marketing,45724,fmantleib@cpanel.net
661,Jaquenette,Girodon,Female,Data Coordinator,Sales,123839,jgirodonic@mac.com
662,Erica,Gregor,Female,Research Associate,Sales,105683,egregorid@sogou.com
663,Novelia,Hellmore,Female,Web Developer IV,Accounting,58987,nhellmoreie@hugedomains.com
664,Morgen,Alennikov,Male,Media Manager III,Legal,97142,malennikovif@unicef.org
665,Misha,Rysdale,Female,Geological Engineer,Engineering,145358,mrysdaleig@cloudflare.com
666,Marice,Ginnelly,Female,Database Administrator III,Research and Development,21220,mginnellyih@icio.us
667,Leandra,Reeves,Female,Geologist II,Marketing,44558,lreevesii@google.it
668,Bart,Gittis,Male,Research Associate,Services,54256,bgittisij@google.com.au
669,Thelma,De Francisci,Female,Food Chemist,Support,130094,tdefrancisciik@fastcompany.com
670,Torre,Scarasbrick,Male,Electrical Engineer,Support,124906,tscarasbrickil@ft.com
671,Christoper,Farrell,Male,Computer Systems Analyst IV,Marketing,30930,cfarrellim@123-reg.co.uk
672,Meryl,Seiler,Female,Sales Associate,Services,141293,mseilerin@cdc.gov
673,Georges,Sigars,Male,Actuary,Marketing,55600,gsigarsio@csmonitor.com
674,Felecia,O'Quin,Female,Operator,Marketing,141392,foquinip@people.com.cn
675,Connie,Eggleson,Genderqueer,Nuclear Power Engineer,Legal,92544,cegglesoniq@ycombinator.com
676,Orlando,Cossom,Male,VP Accounting,Sales,128838,ocossomir@bigcartel.com
677,Bank,Gush,Male,Software Test Engineer III,Marketing,97462,bgushis@behance.net
678,Edin,Lavarack,Female,Structural Engineer,Training,70767,elavarackit@rakuten.co.jp
679,Sawyer,Leake,Male,Food Chemist,Marketing,42373,sleakeiu@soundcloud.com
680,Becki,Blazey,Female,Accounting Assistant III,Accounting,84607,bblazeyiv@boston.com
681,Johanna,Drayton,Female,Accounting Assistant IV,Accounting,142810,jdraytoniw@homestead.com
682,Babbie,Smitheram,Female,Marketing Manager,Engineering,61789,bsmitheramix@wikispaces.com
683,Trenna,Bransgrove,Female,Sales Representative,Support,129628,tbransgroveiy@biblegateway.com
684,Frannie,Howard,Female,Human Resources Assistant II,Engineering,102041,fhowardiz@sciencedirect.com
685,Corabelle,Boncore,Female,Junior Executive,Support,45446,cboncorej0@github.io
686,Sunshine,Fritter,Female,Health Coach IV,Accounting,128476,sfritterj1@goodreads.com
687,Shayla,McConnulty,Female,Legal Assistant,Business Development,100630,smcconnultyj2@com.com
688,Inigo,Pletts,Bigender,Media Manager III,Marketing,52918,iplettsj3@jigsy.com
689,Hana,Glandfield,Female,Desktop Support Technician,Legal,134774,hglandfieldj4@storify.com
690,Gerti,Olenchenko,Female,Internal Auditor,Product Management,121663,golenchenkoj5@livejournal.com
691,Kary,Beves,Female,Cost Accountant,Legal,37023,kbevesj6@archive.org
692,Toddy,Casford,Male,Physical Therapy Assistant,Support,135869,tcasfordj7@homestead.com
693,Marleen,Gilstin,Female,Web Developer I,Services,101911,mgilstinj8@goodreads.com
694,Tris,Gainsbury,Male,Marketing Manager,Human Resources,109943,tgainsburyj9@oaic.gov.au
695,Mata,Vater,Male,Clinical Specialist,Sales,113667,mvaterja@dmoz.org
696,Bondy,Drennan,Male,Chemical Engineer,Sales,98718,bdrennanjb@yolasite.com
697,Ellswerth,Pickover,Male,Environmental Specialist,Sales,63365,epickoverjc@123-reg.co.uk
698,Faydra,Halt,Bigender,Registered Nurse,Training,115137,fhaltjd@sogou.com
699,Gwyneth,Dumbreck,Female,Marketing Manager,Training,56972,gdumbreckje@unc.edu
700,Manny,Herculeson,Male,Junior Executive,Research and Development,87111,mherculesonjf@g.co
701,Karrah,Castanone,Female,Software Engineer III,Product Management,142650,kcastanonejg@bizjournals.com
702,Gisele,Tunnoch,Female,Structural Analysis Engineer,Product Management,44844,gtunnochjh@simplemachines.org
703,Ritchie,Reglar,Genderqueer,Staff Scientist,Marketing,88367,rreglarji@arizona.edu
704,Adiana,Beneze,Female,Clinical Specialist,Marketing,50977,abenezejj@pbs.org
705,Verena,Gaggen,Female,Sales Associate,Engineering,103159,vgaggenjk@hud.gov
706,Torey,Pashan,Male,Biostatistician IV,Business Development,37241,tpashanjl@elegantthemes.com
707,Sutherland,Darco,Male,Nurse,Training,99614,sdarcojm@si.edu
708,Claudine,Yuryichev,Female,Geological Engineer,Business Development,43283,cyuryichevjn@ocn.ne.jp
709,Walden,Fenne,Male,Technical Writer,Accounting,95367,wfennejo@businesswire.com
710,Lorin,Chedzoy,Male,Project Manager,Human Resources,82729,lchedzoyjp@google.com.au
711,Garold,Arnaudet,Male,Office Assistant IV,Product Management,107336,garnaudetjq@google.nl
712,Tymon,Palfrey,Male,Internal Auditor,Product Management,66778,tpalfreyjr@gnu.org
713,Constancy,Riddoch,Female,Quality Engineer,Engineering,31750,criddochjs@walmart.com
714,Genovera,Dugmore,Female,Automation Specialist II,Engineering,48354,gdugmorejt@army.mil
715,Cristabel,Choake,Female,Media Manager IV,Engineering,33889,cchoakeju@istockphoto.com
716,Chicky,Bielfeldt,Female,Cost Accountant,Training,84077,cbielfeldtjv@deliciousdays.com
717,Thorn,Compton,Male,VP Product Management,Business Development,64418,tcomptonjw@marriott.com
718,Dido,Wallbutton,Female,Database Administrator I,Sales,91478,dwallbuttonjx@stumbleupon.com
719,Randy,McKean,Male,Systems Administrator III,Services,134967,rmckeanjy@trellian.com
720,Vincents,Blaw,Male,Engineer II,Business Development,89313,vblawjz@fastcompany.com
721,Benedict,Lopez,Male,Structural Engineer,Marketing,24511,blopezk0@quantcast.com
722,Ingrim,Gebbie,Male,Editor,Product Management,130562,igebbiek1@msn.com
723,Timmie,Carss,Male,Civil Engineer,Training,50129,tcarssk2@newsvine.com
724,Otto,Adamik,Male,Database Administrator IV,Engineering,42964,oadamikk3@chronoengine.com
725,Derek,Turney,Male,Executive Secretary,Marketing,32640,dturneyk4@twitpic.com
726,Clifford,Ling,Male,Research Assistant I,Research and Development,104747,clingk5@reddit.com
727,Antonie,Lazarus,Female,Nuclear Power Engineer,Marketing,107750,alazarusk6@netlog.com
728,Morten,Early,Male,Media Manager III,Legal,32115,mearlyk7@businessweek.com
729,Foster,Gatty,Male,Assistant Professor,Engineering,69670,fgattyk8@youku.com
730,Bibbye,Sciacovelli,Polygender,Electrical Engineer,Research and Development,119442,bsciacovellik9@apache.org
731,Arturo,Coggins,Male,Sales Representative,Support,93805,acogginska@vk.com
732,Merry,Duprey,Male,Safety Technician I,Business Development,124782,mdupreykb@ycombinator.com
733,Finlay,Trengove,Agender,Quality Control Specialist,Training,131612,ftrengovekc@wisc.edu
734,Jarrad,Ofen,Male,Civil Engineer,Marketing,106573,jofenkd@sitemeter.com
735,Poul,Squires,Male,Research Assistant IV,Engineering,126029,psquireske@hc360.com
736,Constanta,Herkess,Female,Marketing Assistant,Support,122172,cherkesskf@facebook.com
737,Gusella,Sedgeworth,Female,Quality Engineer,Research and Development,108312,gsedgeworthkg@mashable.com
738,Brande,Kemster,Female,Staff Scientist,Legal,62868,bkemsterkh@opensource.org
739,Florenza,Iuorio,Female,Staff Scientist,Services,91956,fiuorioki@springer.com
740,Dur,MacNockater,Male,Research Associate,Human Resources,144415,dmacnockaterkj@wiley.com
741,Gus,Leifer,Male,Social Worker,Human Resources,140387,gleiferkk@jalbum.net
742,Francyne,Jocelyn,Female,Programmer Analyst II,Human Resources,76620,fjocelynkl@qq.com
743,Susann,Asmus,Female,Systems Administrator III,Services,69189,sasmuskm@elegantthemes.com
744,Lon,Kingsly,Male,Analyst Programmer,Services,101752,lkingslykn@patch.com
745,Clementia,Hargess,Female,Graphic Designer,Sales,108529,chargessko@meetup.com
746,Fax,Symonds,Male,Clinical Specialist,Services,36408,fsymondskp@amazon.de
747,Jerrilee,Seys,Female,Assistant Media Planner,Business Development,125586,jseyskq@nytimes.com
748,Kingsly,Dahlberg,Male,Assistant Professor,Human Resources,95169,kdahlbergkr@nba.com
749,Megan,Baber,Female,Editor,Legal,95966,mbaberks@cornell.edu
750,Darrin,Bashford,Male,Research Associate,Human Resources,29738,dbashfordkt@biblegateway.com
751,Kris,McAvinchey,Male,Computer Systems Analyst III,Human Resources,99151,kmcavincheyku@hud.gov
752,Arther,Vasilyonok,Male,Administrative Assistant II,Training,66591,avasilyonokkv@marriott.com
753,Morgen,Caulton,Male,Actuary,Business Development,101707,mcaultonkw@hao123.com
754,Alayne,Joselevitz,Female,Health Coach II,Product Management,103015,ajoselevitzkx@uiuc.edu
755,Stanislaus,Glazebrook,Male,Staff Scientist,Legal,63247,sglazebrookky@epa.gov
756,Atlanta,Hobbert,Female,VP Product Management,Training,146952,ahobbertkz@homestead.com
757,Brad,Ramsdale,Male,Cost Accountant,Sales,130471,bramsdalel0@time.com
758,Hardy,Paget,Male,Payment Adjustment Coordinator,Marketing,36766,hpagetl1@wordpress.com
759,Howey,Rapo,Agender,Civil Engineer,Business Development,41758,hrapol2@barnesandnoble.com
760,Jordon,Vassbender,Male,Human Resources Manager,Human Resources,121864,jvassbenderl3@ustream.tv
761,Griz,McGavin,Male,Budget/Accounting Analyst I,Marketing,138399,gmcgavinl4@e-recht24.de
762,Giulietta,Yole,Female,Administrative Assistant I,Research and Development,57367,gyolel5@irs.gov
763,Shandra,Kealy,Female,Media Manager I,Sales,112012,skealyl6@wired.com
764,Davina,D'Agostini,Female,Design Engineer,Human Resources,100371,ddagostinil7@yahoo.com
765,Jere,Heis,Male,Dental Hygienist,Sales,21763,jheisl8@mapquest.com
766,Sebastian,Shilling,Male,General Manager,Services,91567,sshillingl9@soundcloud.com
767,Karleen,Hearnah,Female,Marketing Assistant,Sales,127549,khearnahla@washingtonpost.com
768,Alexina,Lempel,Female,Food Chemist,Legal,60802,alempellb@amazon.co.jp
769,Francois,Yakutin,Male,Staff Scientist,Training,67639,fyakutinlc@squidoo.com
770,Nels,Giggie,Male,Engineer IV,Sales,90725,ngiggield@acquirethisname.com
771,Teirtza,Bierling,Female,Associate Professor,Human Resources,119444,tbierlingle@statcounter.com
772,Giordano,Middup,Male,Financial Analyst,Marketing,111164,gmidduplf@google.es
773,Kaye,Cockram,Female,Web Designer IV,Marketing,37969,kcockramlg@etsy.com
774,Fidel,Vela,Male,Structural Analysis Engineer,Human Resources,146926,fvelalh@ted.com
775,Sigmund,Studdal,Male,Help Desk Technician,Product Management,70823,sstuddalli@gizmodo.com
776,Hayward,Rediers,Male,Developer IV,Business Development,50112,hredierslj@elpais.com
777,Nathan,Symson,Male,Web Developer IV,Research and Development,71766,nsymsonlk@mayoclinic.com
778,Feodor,Mammatt,Male,Geologist II,Engineering,124492,fmammattll@amazon.com
779,Hazel,Moxsom,Male,Office Assistant III,Product Management,72410,hmoxsomlm@devhub.com
780,Merry,Silversmidt,Female,Health Coach II,Research and Development,21406,msilversmidtln@list-manage.com
781,Seline,Salamon,Female,Internal Auditor,Legal,141339,ssalamonlo@aol.com
782,Kenny,Lacasa,Male,Chief Design Engineer,Engineering,47630,klacasalp@usnews.com
783,Tremayne,Scaysbrook,Male,Compensation Analyst,Engineering,111900,tscaysbrooklq@mozilla.com
784,Kirsteni,Kopps,Female,Recruiting Manager,Sales,140136,kkoppslr@usnews.com
785,Rose,Drew,Female,Information Systems Manager,Human Resources,97215,rdrewls@privacy.gov.au
786,Bonnee,Hannond,Genderfluid,Clinical Specialist,Services,110015,bhannondlt@arizona.edu
787,Estella,Vernay,Female,Structural Engineer,Legal,136674,evernaylu@reference.com
788,Currey,Feld,Non-binary,Administrative Assistant I,Accounting,68335,cfeldlv@home.pl
789,Mariquilla,Willers,Female,Staff Scientist,Business Development,96869,mwillerslw@typepad.com
790,Alyssa,Doust,Female,Internal Auditor,Human Resources,52040,adoustlx@fema.gov
791,Garrik,Egalton,Male,Dental Hygienist,Accounting,70427,gegaltonly@about.com
792,Adamo,Biggs,Male,Financial Advisor,Legal,48231,abiggslz@reverbnation.com
793,Shannon,Grimsell,Female,Assistant Manager,Business Development,149723,sgrimsellm0@seattletimes.com
794,Hendrick,Theriot,Male,Mechanical Systems Engineer,Product Management,61257,htheriotm1@altervista.org
795,Luciana,McDugal,Female,Tax Accountant,Services,112497,lmcdugalm2@ifeng.com
796,Fina,Goomes,Female,Graphic Designer,Legal,27598,fgoomesm3@usgs.gov
797,Karole,Meddows,Female,Community Outreach Specialist,Engineering,53937,kmeddowsm4@printfriendly.com
798,Maison,Ffrench,Male,VP Accounting,Sales,36864,mffrenchm5@washington.edu
799,Rolando,Pierpoint,Male,Operator,Services,23036,rpierpointm6@samsung.com
800,Nichole,Jovis,Male,Accounting Assistant I,Accounting,71175,njovism7@de.vu
801,Nalani,Streeton,Genderfluid,Health Coach IV,Product Management,48756,nstreetonm8@home.pl
802,Godfrey,Crumly,Male,Civil Engineer,Legal,54055,gcrumlym9@wiley.com
803,Bruce,Tunuy,Male,Research Assistant I,Business Development,79957,btunuyma@china.com.cn
804,Shina,Dowley,Female,Developer I,Legal,50049,sdowleymb@instagram.com
805,Ardra,Brikner,Female,Financial Analyst,Legal,121539,abriknermc@mail.ru
806,Pierrette,Loveridge,Female,Systems Administrator I,Engineering,24546,ploveridgemd@freewebs.com
807,Wendi,Dutson,Female,Project Manager,Business Development,55433,wdutsonme@bandcamp.com
808,Thorin,Volleth,Male,Safety Technician III,Accounting,149844,tvollethmf@gov.uk
809,Corrie,Frowen,Female,Software Consultant,Accounting,72005,cfrowenmg@vkontakte.ru
810,Tova,Tooze,Female,Chief Design Engineer,Product Management,84319,ttoozemh@sciencedirect.com
811,Ulick,Suttling,Male,Business Systems Development Analyst,Accounting,117378,usuttlingmi@state.gov
812,Bo,Reolfo,Male,Desktop Support Technician,Human Resources,136977,breolfomj@archive.org
813,Anabel,Irving,Female,Administrative Assistant III,Sales,22249,airvingmk@blogspot.com
814,Drusie,Matijasevic,Female,Recruiter,Training,77981,dmatijasevicml@uol.com.br
815,Wolf,McClurg,Male,Compensation Analyst,Business Development,84477,wmcclurgmm@pcworld.com
816,Freeland,Hempshall,Male,Librarian,Legal,28992,fhempshallmn@infoseek.co.jp
817,Robby,Huffa,Male,Cost Accountant,Legal,59919,rhuffamo@altervista.org
818,Keen,McQuirk,Agender,Physical Therapy Assistant,Engineering,50310,kmcquirkmp@sakura.ne.jp
819,Marja,Tinson,Female,Product Engineer,Business Development,93271,mtinsonmq@earthlink.net
820,Amory,Riddick,Male,Registered Nurse,Training,125483,ariddickmr@instagram.com
821,Leonardo,Meadows,Male,Business Systems Development Analyst,Services,128821,lmeadowsms@shutterfly.com
822,Owen,Dummett,Male,Chief Design Engineer,Support,69401,odummettmt@mtv.com
823,Giraud,Seagrave,Genderqueer,Web Designer III,Marketing,131310,gseagravemu@google.co.uk
824,Neron,Hoston,Male,Web Designer III,Accounting,89251,nhostonmv@yelp.com
825,Tamara,Menezes,Female,Technical Writer,Services,31536,tmenezesmw@phoca.cz
826,Waverly,Cumberlidge,Male,Staff Scientist,Services,113699,wcumberlidgemx@intel.com
827,Wain,Cullagh,Male,Help Desk Technician,Training,59996,wcullaghmy@chicagotribune.com
828,Marilyn,Quartley,Non-binary,Research Nurse,Accounting,64717,mquartleymz@unesco.org
829,Brose,Hardison,Male,Programmer Analyst I,Product Management,126876,bhardisonn0@whitehouse.gov
830,Nanine,Ellacott,Female,Civil Engineer,Human Resources,135941,nellacottn1@apple.com
831,Cody,Lowde,Female,Senior Developer,Product Management,37339,clowden2@archive.org
832,Sholom,Minichi,Male,Help Desk Operator,Accounting,75891,sminichin3@theguardian.com
833,Enoch,Gamil,Male,Help Desk Technician,Human Resources,43392,egamiln4@myspace.com
834,Ruperto,Redington,Male,Data Coordinator,Research and Development,74729,rredingtonn5@wiley.com
835,Prent,Stienton,Male,Research Assistant III,Accounting,39700,pstientonn6@cpanel.net
836,Pasquale,Eunson,Male,Administrative Assistant III,Human Resources,50035,peunsonn7@army.mil
837,Ginevra,Theis,Female,Nurse,Marketing,20984,gtheisn8@etsy.com
838,Odessa,Struther,Female,Web Designer II,Legal,29899,ostruthern9@cam.ac.uk
839,Mildred,Mylan,Agender,Research Associate,Engineering,62149,mmylanna@stanford.edu
840,Guenna,Siward,Female,Research Assistant IV,Marketing,147889,gsiwardnb@list-manage.com
841,Binny,Wadesworth,Female,Information Systems Manager,Accounting,61447,bwadesworthnc@ucoz.ru
842,Vannie,Raven,Female,Environmental Tech,Sales,105827,vravennd@redcross.org
843,Tamera,Cella,Female,Senior Editor,Human Resources,88705,tcellane@reference.com
844,Teodorico,Winborn,Male,Statistician II,Training,60140,twinbornnf@ycombinator.com
845,Rube,Embra,Male,Dental Hygienist,Engineering,44333,rembrang@cyberchimps.com
846,Farrel,Carillo,Male,Operator,Product Management,83294,fcarillonh@cam.ac.uk
847,Leann,Gilleon,Female,VP Quality Control,Accounting,47046,lgilleonni@sourceforge.net
848,Harlen,Hallagan,Agender,Social Worker,Business Development,110062,hhallagannj@google.de
849,Forbes,Urey,Male,Automation Specialist II,Product Management,26148,fureynk@ustream.tv
850,Ami,Lazar,Polygender,Senior Sales Associate,Engineering,129201,alazarnl@miibeian.gov.cn
851,Brock,Gehringer,Male,VP Product Management,Engineering,47354,bgehringernm@drupal.org
852,Manolo,Hagyard,Male,Senior Developer,Accounting,85434,mhagyardnn@tripadvisor.com
853,Seamus,Leggatt,Male,Financial Analyst,Business Development,48173,sleggattno@wikia.com
854,Alden,Khrishtafovich,Male,Structural Engineer,Training,106508,akhrishtafovichnp@geocities.jp
855,Aymer,Heistermann,Male,Compensation Analyst,Business Development,118045,aheistermannnq@aboutads.info
856,Kariotta,Simonyi,Female,Software Engineer II,Marketing,60413,ksimonyinr@arstechnica.com
857,Lorant,Kilgrew,Male,Human Resources Manager,Services,56607,lkilgrewns@wp.com
858,Trude,Julien,Female,Compensation Analyst,Services,72554,tjuliennt@loc.gov
859,Adrianne,Weagener,Female,Recruiter,Human Resources,21978,aweagenernu@eventbrite.com
860,Ainsley,Sabbatier,Female,Legal Assistant,Support,38817,asabbatiernv@home.pl
861,Hieronymus,Masterman,Male,Graphic Designer,Services,66358,hmastermannw@forbes.com
862,Ramsay,Blaisdale,Male,Staff Scientist,Research and Development,86737,rblaisdalenx@examiner.com
863,Laurens,Gosnold,Male,General Manager,Business Development,37117,lgosnoldny@wordpress.org
864,Jay,Dowda,Male,Biostatistician I,Product Management,38877,jdowdanz@aol.com
865,Worden,Emlyn,Male,Executive Secretary,Product Management,111860,wemlyno0@opensource.org
866,Hailee,Buckett,Female,Recruiting Manager,Legal,57870,hbucketto1@army.mil
867,Karlik,Helversen,Male,Nurse Practicioner,Services,146800,khelverseno2@google.es
868,Estella,Deveril,Female,Assistant Professor,Research and Development,88404,edeverilo3@symantec.com
869,Jacquelynn,Woodyear,Female,Systems Administrator IV,Product Management,50742,jwoodyearo4@yellowpages.com
870,Babbette,Cocozza,Female,Sales Representative,Services,130591,bcocozzao5@home.pl
871,Barton,Sanbroke,Male,Analyst Programmer,Services,106777,bsanbrokeo6@ihg.com
872,Joelynn,Hicks,Female,Research Assistant I,Human Resources,109891,jhickso7@de.vu
873,Peggi,Arbon,Female,Accounting Assistant IV,Engineering,105577,parbono8@archive.org
874,Amery,Vlasenko,Male,General Manager,Engineering,125710,avlasenkoo9@census.gov
875,Inge,Mogra,Female,Programmer II,Product Management,149494,imograoa@bravesites.com
876,Trish,Fullylove,Female,Financial Advisor,Engineering,136287,tfullyloveob@answers.com
877,Callie,Chetwynd,Female,Assistant Media Planner,Marketing,138267,cchetwyndoc@dion.ne.jp
878,Cloe,Mutimer,Female,Project Manager,Legal,59132,cmutimerod@spotify.com
879,Carolann,Vaszoly,Female,Desktop Support Technician,Engineering,110050,cvaszolyoe@vistaprint.com
880,Lock,Duhig,Male,Physical Therapy Assistant,Training,96782,lduhigof@whitehouse.gov
881,Ruthy,Erskine Sandys,Female,Librarian,Human Resources,112889,rerskinesandysog@themeforest.net
882,Obie,Epdell,Male,GIS Technical Architect,Legal,20710,oepdelloh@businessinsider.com
883,Neda,Crathorne,Female,VP Quality Control,Research and Development,73588,ncrathorneoi@homestead.com
884,Garrard,Patington,Male,Biostatistician III,Product Management,100959,gpatingtonoj@rediff.com
885,Hortensia,Swaton,Female,Operator,Training,61957,hswatonok@china.com.cn
886,Dix,Coombe,Female,Teacher,Sales,143254,dcoombeol@edublogs.org
887,Delia,Abramov,Female,Financial Analyst,Training,32813,dabramovom@ezinearticles.com
888,Daniella,Youster,Female,Legal Assistant,Legal,126025,dyousteron@cbc.ca
889,Rowland,Hallas,Male,Desktop Support Technician,Business Development,32938,rhallasoo@amazonaws.com
890,Theresina,Gergely,Female,Pharmacist,Marketing,113799,tgergelyop@reuters.com
891,Helen,Betke,Female,Desktop Support Technician,Support,145924,hbetkeoq@apple.com
892,Dianemarie,McComb,Female,Recruiting Manager,Support,77575,dmccombor@forbes.com
893,Latrena,Aronovitz,Female,Technical Writer,Legal,128045,laronovitzos@de.vu
894,Kelcey,Eacle,Female,Structural Analysis Engineer,Legal,126229,keacleot@elegantthemes.com
895,Paxton,Wallbutton,Polygender,Geological Engineer,Product Management,123437,pwallbuttonou@scribd.com
896,Nanon,Gebby,Female,Systems Administrator III,Human Resources,22686,ngebbyov@t.co
897,Regine,Cockney,Female,Structural Engineer,Sales,58604,rcockneyow@comsenz.com
898,Florian,O'Currane,Male,Professor,Research and Development,99987,focurraneox@hc360.com
899,Ajay,Ferber,Female,GIS Technical Architect,Training,90256,aferberoy@imdb.com
900,Wilek,Swetmore,Male,Editor,Legal,81774,wswetmoreoz@mysql.com
901,Beryle,Cristofolo,Female,Desktop Support Technician,Legal,128720,bcristofolop0@topsy.com
902,Farrel,Ledrun,Male,Account Executive,Training,95084,fledrunp1@tumblr.com
903,Patric,Fidoe,Male,Desktop Support Technician,Training,138858,pfidoep2@vk.com
904,Cosetta,Giacubo,Female,Help Desk Operator,Support,34074,cgiacubop3@a8.net
905,Lynnet,Laise,Female,Quality Control Specialist,Support,37713,llaisep4@theatlantic.com
906,Kilian,Wais,Male,Account Representative II,Support,133311,kwaisp5@columbia.edu
907,Quinn,Udell,Male,Teacher,Product Management,34083,qudellp6@webmd.com
908,Jacinta,Dancer,Agender,Senior Developer,Services,22890,jdancerp7@youtu.be
909,Lynne,Linham,Female,Senior Sales Associate,Product Management,83843,llinhamp8@discuz.net
910,Magdalene,Roblin,Female,Safety Technician III,Legal,111937,mroblinp9@amazon.co.uk
911,Mella,Rosas,Bigender,Structural Engineer,Accounting,70044,mrosaspa@loc.gov
912,Yorker,Gaenor,Male,Staff Scientist,Human Resources,31526,ygaenorpb@gravatar.com
913,Shelba,Dummer,Female,Programmer I,Accounting,66489,sdummerpc@rediff.com
914,Karon,Waker,Female,Help Desk Technician,Training,36740,kwakerpd@netlog.com
915,Edik,Orchard,Male,Mechanical Systems Engineer,Training,115154,eorchardpe@cargocollective.com
916,Mahala,Willows,Agender,Technical Writer,Marketing,40605,mwillowspf@wordpress.org
917,Ker,Antonutti,Male,Structural Analysis Engineer,Business Development,108828,kantonuttipg@example.com
918,Hector,Kruse,Male,Executive Secretary,Marketing,112771,hkruseph@miibeian.gov.cn
919,Leonora,Hannibal,Female,Account Representative II,Human Resources,29973,lhannibalpi@berkeley.edu
920,Damara,MacCaull,Female,Account Executive,Support,28149,dmaccaullpj@jiathis.com
921,Yolande,Bilson,Female,Clinical Specialist,Marketing,113759,ybilsonpk@youtube.com
922,Molly,Kentwell,Female,Accountant II,Business Development,93195,mkentwellpl@microsoft.com
923,Guenevere,Chawkley,Female,Physical Therapy Assistant,Engineering,99440,gchawkleypm@angelfire.com
924,Evanne,Faussett,Female,Safety Technician I,Training,49001,efaussettpn@gov.uk
925,Nil,Deeble,Male,Staff Scientist,Engineering,125373,ndeeblepo@walmart.com
926,Jami,Sollner,Female,Senior Cost Accountant,Human Resources,135478,jsollnerpp@sphinn.com
927,Edgard,Ridolfo,Male,Environmental Specialist,Engineering,107464,eridolfopq@desdev.cn
928,Evangeline,Sansam,Female,Systems Administrator II,Sales,25390,esansampr@indiatimes.com
929,Ashlin,Yeell,Male,Chemical Engineer,Research and Development,39925,ayeellps@ameblo.jp
930,Gretal,McWaters,Female,Software Engineer III,Support,50325,gmcwaterspt@xrea.com
931,Dominique,Week,Male,Nurse Practicioner,Support,122880,dweekpu@e-recht24.de
932,Melina,Dearness,Female,Help Desk Operator,Product Management,147176,mdearnesspv@cpanel.net
933,Frazer,Oake,Male,Software Engineer IV,Legal,118132,foakepw@bloomberg.com
934,Consuela,Cabbell,Female,Structural Engineer,Legal,24467,ccabbellpx@list-manage.com
935,Avril,Crichley,Female,Civil Engineer,Legal,101837,acrichleypy@flavors.me
936,Samara,Rudgerd,Female,Pharmacist,Support,52076,srudgerdpz@shareasale.com
937,Drud,Klausen,Male,Senior Editor,Legal,128423,dklausenq0@rambler.ru
938,Sibel,Habershon,Female,Director of Sales,Research and Development,133077,shabershonq1@craigslist.org
939,Katleen,Summerlad,Female,GIS Technical Architect,Support,111647,ksummerladq2@google.nl
940,Brittney,Wyche,Female,Actuary,Marketing,138283,bwycheq3@hibu.com
941,Glenden,Brosi,Male,Programmer Analyst III,Training,48090,gbrosiq4@deliciousdays.com
942,Sammy,Sans,Female,Accounting Assistant I,Product Management,74508,ssansq5@jiathis.com
943,Demetrius,Murty,Male,Professor,Support,59138,dmurtyq6@i2i.jp
944,Curr,Danforth,Male,Actuary,Support,59615,cdanforthq7@goo.gl
945,Evangelin,McCready,Agender,Senior Quality Engineer,Research and Development,118092,emccreadyq8@skype.com
946,Alasteir,Mitro,Genderqueer,Human Resources Assistant I,Legal,102220,amitroq9@cyberchimps.com
947,Jocelyn,Oldcote,Female,Computer Systems Analyst I,Human Resources,51555,joldcoteqa@bandcamp.com
948,Cord,Sheehan,Male,Professor,Accounting,70393,csheehanqb@freewebs.com
949,Claus,Truitt,Male,General Manager,Sales,77084,ctruittqc@army.mil
950,Eddie,Trathan,Female,Health Coach II,Sales,82829,etrathanqd@flickr.com
951,Tibold,Bullas,Male,Food Chemist,Training,149736,tbullasqe@infoseek.co.jp
952,Linus,Hitzmann,Male,Graphic Designer,Research and Development,90690,lhitzmannqf@e-recht24.de
953,Von,Ash,Male,Staff Scientist,Business Development,31826,vashqg@admin.ch
954,Oralla,Laurens,Female,Project Manager,Product Management,83354,olaurensqh@ca.gov
955,See,Olney,Male,Analog Circuit Design manager,Training,88634,solneyqi@instagram.com
956,Brett,Conrard,Female,Pharmacist,Sales,77315,bconrardqj@free.fr
957,Kylen,Gerald,Female,Environmental Specialist,Sales,106983,kgeraldqk@github.com
958,Erika,Pedrick,Female,Information Systems Manager,Sales,70489,epedrickql@google.com.br
959,Claiborne,Edmott,Male,Mechanical Systems Engineer,Engineering,71623,cedmottqm@biglobe.ne.jp
960,Deane,Radborn,Female,Registered Nurse,Legal,120929,dradbornqn@miibeian.gov.cn
961,Nevil,Humby,Male,Compensation Analyst,Marketing,44431,nhumbyqo@washington.edu
962,Dominique,Solomon,Male,Registered Nurse,Accounting,89775,dsolomonqp@wix.com
963,Dasie,Stringer,Female,Web Developer II,Human Resources,68824,dstringerqq@drupal.org
964,Engracia,Latchmore,Female,Assistant Professor,Product Management,112215,elatchmoreqr@blogs.com
965,Rube,Espin,Male,Database Administrator IV,Accounting,141155,respinqs@sakura.ne.jp
966,Guendolen,Basler,Female,Clinical Specialist,Services,73349,gbaslerqt@netscape.com
967,Will,Upstone,Male,VP Accounting,Support,47762,wupstonequ@squidoo.com
968,Gaspard,Featley,Male,Office Assistant IV,Sales,85584,gfeatleyqv@wsj.com
969,Alessandro,Kundert,Male,Marketing Manager,Sales,62786,akundertqw@nifty.com
970,Arden,Pawlaczyk,Female,Sales Associate,Legal,130716,apawlaczykqx@dropbox.com
971,Brig,Worboy,Non-binary,VP Product Management,Legal,130746,bworboyqy@4shared.com
972,Markus,Boyat,Male,Financial Analyst,Marketing,47519,mboyatqz@patch.com
973,Fremont,Livesay,Male,Office Assistant I,Training,120822,flivesayr0@ameblo.jp
974,Arlina,Jorgensen,Female,Structural Engineer,Human Resources,53940,ajorgensenr1@altervista.org
975,Dedra,Baggs,Female,Senior Quality Engineer,Training,89557,dbaggsr2@prnewswire.com
976,Chrystel,Tuison,Agender,Geological Engineer,Services,54276,ctuisonr3@nhs.uk
977,Judy,Hertwell,Female,Help Desk Technician,Services,95575,jhertwellr4@ft.com
978,Sylvan,Brimilcombe,Male,Sales Associate,Product Management,98468,sbrimilcomber5@netvibes.com
979,Inez,Gaynes,Female,VP Marketing,Services,122943,igaynesr6@samsung.com
980,Griffy,Cowton,Male,Quality Control Specialist,Research and Development,38101,gcowtonr7@yandex.ru
981,Jeniece,Guillem,Female,Account Coordinator,Training,56941,jguillemr8@studiopress.com
982,Kenon,Meese,Bigender,Paralegal,Marketing,130501,kmeeser9@fema.gov
983,Naoma,Schrinel,Female,Research Assistant II,Sales,71083,nschrinelra@edublogs.org
984,Thaine,Slevin,Male,Pharmacist,Engineering,103751,tslevinrb@examiner.com
985,Erin,Sissel,Female,Human Resources Assistant II,Marketing,98842,esisselrc@netscape.com
986,Raff,Howlings,Male,Payment Adjustment Coordinator,Engineering,74456,rhowlingsrd@cloudflare.com
987,Odelia,Itzkov,Female,Senior Sales Associate,Research and Development,118974,oitzkovre@walmart.com
988,Carmen,Aronowitz,Female,Environmental Specialist,Business Development,133505,caronowitzrf@booking.com
989,Jens,Danhel,Male,Design Engineer,Support,41276,jdanhelrg@china.com.cn
990,Amandi,Blenkhorn,Female,Developer IV,Human Resources,107678,ablenkhornrh@hubpages.com
991,Lanie,Askey,Male,Mechanical Systems Engineer,Human Resources,149710,laskeyri@wikia.com
992,Sigfried,Willoughway,Male,Software Consultant,Marketing,146712,swilloughwayrj@alexa.com
993,Clementius,Holmyard,Male,Database Administrator II,Accounting,30780,cholmyardrk@cbsnews.com
994,Elfrieda,Ossipenko,Female,Computer Systems Analyst IV,Sales,46147,eossipenkorl@hexun.com
995,Iormina,Stubbings,Female,Cost Accountant,Human Resources,67037,istubbingsrm@t-online.de
996,Orazio,Cosgreave,Male,Associate Professor,Services,146932,ocosgreavern@sitemeter.com
997,Morgan,Tolefree,Male,GIS Technical Architect,Product Management,65531,mtolefreero@newyorker.com
998,Myron,Cary,Male,Compensation Analyst,Engineering,112152,mcaryrp@ted.com
999,Zonda,Westmarland,Female,Marketing Manager,Accounting,120512,zwestmarlandrq@google.de
1000,Avril,McGoon,Female,Senior Quality Engineer,Engineering,89832,amcgoonrr@oakley.com
